,afr,amh,ara,asm,ast,azj,bel,bul,ben,bos,cat,ceb,ces,cym,dan,deu,ell,eng,spa,est,fas,ful,fin,fra,gle,glg,guj,hau,heb,hin,hrv,hun,hye,ind,ibo,isl,ita,jpn,jav,kat,kam,kea,kaz,khm,kan,kor,kur,kir,ltz,lug,lin,lao,lit,luo,lav,mri,mkd,mal,mon,mar,msa,mlt,mya,npi,nld,nob,nso,nya,oci,orm,ory,pan,pol,pus,por,ron,rus,snd,slk,slv,sna,som,srp,swe,swh,tam,tel,tgk,tha,tgl,tur,ukr,umb,urd,uzb,vie,wol,xho,yor,zho_simp,zul,zho_trad
afr,-,1.43,14.9,1.39,23.39,7.54,8.01,31.69,20.11,24.48,26.17,9.21,26.7,13.62,35.28,28.69,22.67,47.31,22.41,24.74,20.62,0.49,21.12,35.12,0.42,29.32,0.46,3.46,20.57,23.77,24.92,24.02,4.54,29.94,2.11,17.32,23.91,19.92,14.67,2.9,0.22,2.19,2.38,7.06,1.06,16.07,0.09,1.57,16.5,0.43,0.82,5.19,24.27,2.61,24.02,2.07,29.34,9.23,5.34,9.07,27.85,28.57,2.54,0.61,25.2,27.94,1.15,7.25,20.41,0.35,0.13,4.5,18.83,8.92,35.27,32.02,23.1,0.07,27.33,24.88,5.68,2.77,27.27,33.69,22.6,3.9,0.7,3.02,10,14,21.98,24.03,0.81,13.28,0.95,31.21,0.67,2.88,1.51,16.4,2.87,0
amh,5.34,-,1.98,0.27,3.91,1.37,1.15,6.98,4.28,3.22,5.98,1.75,4.54,3.68,5.77,4.46,6.1,7.64,6.1,5.3,4.76,0.06,4.08,7.74,0.34,6.45,0.5,1.08,4.38,5.91,4.31,4.55,1.32,5.71,1.51,3.95,5.38,3.81,2.34,0.69,0.06,0.12,0.62,2,0.68,3.18,0.03,0.36,3.16,0.22,0.32,0.58,5.37,0.56,5.43,0.75,6.84,2.13,1,2.36,4.9,7.79,0.8,1.13,5.05,5.45,0.37,2.07,3.77,0.1,0.14,1.58,4.19,2.04,7.52,6.37,4.65,0.04,4.7,4.69,1.84,0.95,5.67,5.17,4.74,1.32,0.29,0.79,2.09,4.88,2.92,4.62,0.26,3.33,0.28,7.08,0.16,1.97,0.39,4.37,2.25,0
ara,18.96,0.97,-,0.9,16.59,2.76,1.1,23.75,16.15,17.43,18.86,2.87,19.47,8.92,22,18.71,18.72,25.5,16.74,18.27,17.79,0.19,15.61,25.69,0.35,21.29,0.18,1.16,17.25,19.45,18.41,17.34,2.39,21.29,0.98,13.25,17.82,16.02,8.79,1.34,0.07,0.98,0.52,5.07,0.61,13.31,0.08,1.04,9.39,0.09,0.21,1.86,18.84,0.62,20.04,0.96,22.2,2.93,3.88,2.5,18.92,19.11,1.75,0.32,17.36,16.98,0.4,3.46,13.62,0.17,0.07,2.7,14.62,6.54,25.1,23.44,17.79,0.07,19.98,18.8,3.22,0.97,19.74,21.44,15.45,0.88,0.34,1.92,7.48,3.83,15.5,17.67,0.24,9.79,0.46,24.2,0.18,1.25,0.41,13.1,1.46,0
asm,3.65,0.45,1.19,-,1.78,1.03,1.21,4.82,3.95,1.85,2.84,1,3.4,1.36,2.76,3.23,4.15,3.76,4.05,4.14,3.22,0.02,3.3,4.61,0.22,4.48,0.23,0.35,3.04,5.53,3.02,4.17,0.63,3.29,0.35,2.61,3.49,2.95,1.22,0.45,0.03,0.12,0.36,1.15,0.29,2.58,0.01,0.26,2.22,0.06,0.21,0.58,4.31,0.13,3.84,0.54,4.64,1.47,0.6,1.9,2.93,3.45,0.41,0.56,3.29,2.94,0.28,1.16,2.37,0.18,0.09,0.89,2.88,1.01,4.37,4.54,2.99,0.04,3.44,3.19,0.65,0.31,3.33,3.55,2.98,0.68,0.11,0.63,0.8,1.04,1.88,2.87,0.17,2.3,0.13,5.06,0.09,0.57,0.06,2.44,0.51,0
ast,20.35,0.71,9.11,0.34,-,3.57,0.44,21.17,11.11,13.56,26.13,1.56,19.02,6.35,20.07,20.85,19.8,27.59,23.64,19.93,14.64,0.15,16.6,29.02,0.32,31.66,0.14,1.09,15.97,17.11,10.1,20.14,1.57,22,1.38,10.21,20.81,14.97,6.54,0.96,0.08,3,0.19,3.95,0.46,12.62,0.02,0.54,7.11,0.26,0.26,1.23,20.42,0.88,12.38,1.11,22.08,3.3,2.29,4.17,19.01,11.1,1.04,0.16,18.37,18.43,0.43,3.78,15.29,0.13,0.02,1.38,15.15,4.97,30.81,25.11,17.1,0.02,19.33,16.38,3.08,0.89,19.62,21.87,10.13,0.52,0.25,0.54,4.55,6.63,12.75,16.84,0.37,6.4,0.37,23.16,0.36,1.04,0.74,13.92,1.07,0
azj,5.51,0.53,0.91,0.27,4.83,-,2.05,8.85,4.5,7.86,7.79,1.08,6.9,3.95,6.74,6.05,9.27,7.33,7.18,9.73,4.96,0.04,8.12,9.53,0.35,7.29,0.25,0.79,4.9,6.93,6.18,8.24,0.72,5.49,0.82,5.17,7.94,2.75,1.82,0.92,0.08,0.24,0.87,2.14,0.42,3.25,0.01,0.4,2.44,0.03,0.21,0.86,10.19,0.63,10.37,0.9,8.79,1.56,2.76,1.96,4.81,7.14,0.86,0.76,6.83,6.25,0.33,1.83,4.34,0.09,0.12,1.98,5.85,3.86,9.41,8.73,5.57,0.04,7.94,7.59,1.12,0.54,6.84,7.22,5.03,1.03,0.17,0.38,1.65,3.53,7.01,6.97,0.36,3.5,0.53,13.27,0.11,0.86,0.35,3.55,0.85,0
bel,10.53,0.97,5.31,0.56,8.73,3.31,-,16.61,9.53,11.29,11.64,2.78,11.81,5.83,10.82,10.92,12.12,12.42,12.1,12.02,8.9,0.06,9.95,14.65,0.37,12.93,0.28,1.15,9.01,11.42,10.9,10.17,2.04,10.08,0.96,7.58,12.19,8.82,5.95,1.83,0.09,0.36,1.31,3.84,0.49,7.9,0.04,0.92,6.92,0.19,0.21,1.9,13.68,0.61,9.36,0.85,15.98,4.35,3.72,4.54,9.29,11.73,1.44,0.86,11.67,9.68,0.42,3.21,8.62,0.18,0.13,2.72,11.48,4.86,13.5,14.31,17.95,0.03,12.14,12.57,2.54,0.8,14.08,11.73,9.11,1.72,0.29,2.28,4.81,5.79,5.45,17.78,0.3,6.6,0.44,14.01,0.09,1.07,0.52,8.97,1.14,0
bul,23.92,1.33,14.54,1.46,22.33,7.26,2.65,-,19.67,26.61,24.92,6.57,27.04,10.86,29.57,26.1,23.91,32.96,22.08,25.41,20.68,0.15,20.78,33.69,0.34,27.93,0.3,2.21,20.28,23.11,25.62,23.69,4.05,26.09,1.47,15.69,23.88,20.94,11.52,2.64,0.16,1.82,0.57,6.14,0.81,16.45,0.11,1.68,12.47,0.19,0.48,3.51,25.79,1.38,13.54,1.3,32.51,9.41,6.33,9.35,22.85,23.5,2.31,0.53,22.65,22.83,0.68,5.25,18.43,0.28,0.18,4.01,20.57,8.03,32.22,30.86,26.46,0.09,27.81,26.36,4.59,1.56,30.01,29.59,20.86,2.39,0.59,3.32,8.74,6.8,19.4,27.09,0.49,13.37,1.02,29.11,0.34,2.04,0.78,17.47,2.09,0
ben,16.44,1.51,10.71,2.66,14.13,5.16,4.28,19.78,-,14.46,16.77,5.54,16.15,8.08,18.72,15.88,15.04,22.86,14.78,16.32,15.24,0.19,13.53,22.07,0.34,17.71,0.44,1.55,13.57,21.76,14.93,15.82,3.46,18.57,1.11,11.3,15.19,16.53,8.8,2.26,0.11,0.94,0.76,5.77,1.46,12.96,0.08,1.19,9.53,0.14,0.33,3.36,15.79,0.88,16.98,1,18.73,8.96,4.39,9.65,17.34,17.72,2.11,0.59,15.17,15.09,0.51,4.49,12.54,0.21,0.22,4.96,12.2,7.03,20.99,19.39,14.69,0.11,16.48,15.56,3.29,1.18,16.87,18.84,14.88,4.8,0.65,1.99,6.83,7.37,14.8,15.36,0.27,12.9,0.7,21.69,0.17,1.84,0.54,12.17,1.89,0
bos,25.98,1.64,15.1,2.06,23.5,9.06,12.57,34.91,20.52,-,25.83,10.88,30.51,11.93,31.92,28.19,24.12,33.88,23.25,26.6,20.83,0.32,22.72,34.99,0.95,29.38,2,2.82,21.48,23.57,34.28,25.24,4.44,29.04,2.21,16.85,25.4,21.3,13.11,3.55,0.19,2.3,5.36,7.64,1.15,16.56,0.1,2.08,15.57,0.39,0.93,5.05,27.68,2.3,28.23,1.54,35.34,10.9,5.47,10.42,25.41,26.83,2.53,9.58,23.52,24.72,1.06,7.41,19.98,0.41,0.19,3.81,22.53,7.88,34.05,32.08,26,0.1,31.35,30.54,5.55,2.3,35.84,30.55,22.11,7.05,0.78,3.63,10.32,14.47,22.39,27.45,0.6,13.25,1.41,30.23,0.74,2.68,1.23,17.34,2.59,0
cat,23.34,1.06,13.4,0.99,28.68,6.82,7.26,28.6,17.68,21.68,-,8.91,23.13,11.48,29.23,24.78,21.65,33.43,25.17,21.93,18.03,0.69,18.99,35.08,0.45,33.42,0.35,2.6,17.15,20.48,21.86,20.63,3.65,25.76,1.79,14.58,25.5,18.72,11.92,2.66,0.19,2.87,1.28,5.85,0.99,13.94,0.1,1.43,13.75,0.34,0.68,3.9,22.11,1.86,21.32,1.73,26.44,7.84,4.17,8.15,22.25,24.75,2.07,0.47,21.28,22.58,1.07,5.62,21.14,0.34,0.14,3.47,18.26,7.3,35.17,30.07,21.11,0.06,24.17,22.67,4.65,2.18,24.29,27.46,18.74,2.64,0.57,3.09,7.92,12.32,18.53,21.64,0.69,11.6,0.85,26.85,0.57,2.28,1.1,15.12,2.22,0
ceb,13.66,1.4,4.73,0.69,11.51,4.31,5.63,13.42,7.76,10.21,13.62,-,10.8,9.03,12.46,11.71,11.73,21.11,13.37,11.65,8.7,0.44,8.92,16.72,0.93,15.21,0.83,2.96,8.46,10.23,10.39,10.06,2.18,15.35,2.48,9.01,13.6,7.83,10.94,1.76,0.23,1.09,2.79,4.08,0.74,5.99,0.1,1.05,9.32,0.59,0.89,3.48,10.65,3.05,10.31,2.46,14.03,3.75,2.65,4.75,13.3,15.98,1.59,1.76,11.81,11.83,1.5,6.31,11.49,0.35,0.21,2.82,9.6,4.68,17.45,14.85,10.05,0.09,11.63,10.75,4.73,2.85,11.87,13.02,11.38,2.38,0.49,2.27,4.76,17.55,8.08,10.61,0.87,6.04,0.96,15.52,0.61,3.76,1.56,8.33,3.67,0
ces,23.78,1.01,14.12,1.35,21.77,7.18,1.99,31.01,18.99,27,23.8,6.93,-,10.45,29.64,26.76,22.47,32.27,22.47,25.9,19.24,0.38,21.44,33.36,0.32,27.88,0.32,2.59,19.36,22.04,27.07,24.73,3.33,26.7,1.56,16.39,24.02,20.65,11.93,2.51,0.19,2.22,0.86,6.26,0.88,15.71,0.1,1.66,12.98,0.34,0.77,3.13,26.39,1.92,16.84,1.69,29.7,8.5,5.13,8.66,23.67,22.47,2.12,0.55,23.14,22.86,0.9,5.75,17.62,0.41,0.17,3.47,21.96,7.6,31.63,30.11,25.13,0.07,34.73,27.92,4.44,2.14,27.84,29,20.52,2.84,0.56,2.71,8.63,9.04,19.86,25.46,0.67,12.19,1.11,29.35,0.43,2.17,0.99,17.2,2.39,0
cym,20.32,0.9,10.27,0.57,9.09,4.67,4.77,20.55,12.67,9.74,18.33,6.46,17.34,-,22.55,17.54,15.34,32.98,16.71,16.81,13.69,0.44,13.77,24.44,0.91,21.16,0.49,2.2,13.75,16.38,13.77,15.77,1.56,21.83,1.99,12.37,16.68,12.16,9.38,1.25,0.3,0.7,1.54,4.64,0.55,9.87,0.04,0.79,9.3,0.7,0.73,2.37,16.22,1,16.07,2.56,19.8,4.55,2.17,5.99,18.74,20.4,1.65,1.04,15.26,18.46,1.15,2.52,12.74,0.19,0.12,2.13,12.48,5.25,25.37,22.46,15.24,0.12,17.58,16.41,3.08,1.92,17.37,21.52,17.67,2.53,0.52,1.83,5.02,9.87,14.11,15.42,0.49,7.95,0.7,21.38,0.88,1.59,1.12,11.05,1.32,0
dan,29.43,1.26,15.17,1.23,23.63,7.46,3.92,32.94,19.71,26.35,27.66,6.76,28.47,12.87,-,31.29,23.63,41.08,24.05,27.12,20.71,0.48,24.27,36.95,0.34,30.57,0.25,2.95,20.77,23.52,26.83,25.63,4.05,30.05,1.84,18.87,25.8,21.34,13.77,2.37,0.22,2.57,0.92,6.54,0.74,17.06,0.09,1.48,16.16,0.36,0.65,3.69,26.46,2.4,26.4,1.97,30.49,8.54,5.43,7.75,26.82,26.33,2.28,0.33,26.32,31.78,1.27,6.46,20.41,0.45,0.08,3.36,20.69,8.41,35.93,33.16,24.83,0.08,29.51,26.77,4.97,2.48,28.31,39.45,21.52,1.28,0.47,2.7,10.19,10.94,21.88,25.07,0.76,12.75,1.1,31.51,0.68,2.47,1.25,17.74,2.66,0
deu,26.88,1.28,14.75,1.31,23.67,8,7.41,31.53,19.33,25.55,25.77,8.1,28.02,11.49,34.07,-,22.76,35.83,23.35,25.96,20.22,0.57,22.57,35.47,0.49,29.95,0.48,2.65,19.97,23.4,25.79,25.21,3.81,27.74,1.81,17.35,25.86,21.12,12.39,2.68,0.21,2.58,2.49,6.6,0.9,16.6,0.08,1.66,17.79,0.32,0.77,3.67,25.6,2.13,13.59,1.82,29.77,9.63,5.07,9.16,24.8,25.43,2.33,0.92,25.83,26.26,1.03,6.19,18.68,0.4,0.2,3.63,21.48,8.35,34.03,31.43,24.6,0.06,29.15,27.19,4.67,2.21,26.84,33.16,20.98,2.33,0.54,2.22,9.3,13.83,21.33,23.93,0.74,12.81,1.11,29.55,0.61,2.25,1,17.25,2.57,0
ell,20.41,1.17,13.06,1.02,19.51,6.36,1.51,27.15,17.19,20.69,21.81,4.39,22.31,10.49,25.15,21.93,-,28.12,20.69,20.94,18.04,0.33,18.21,30.17,0.38,24.66,0.27,1.79,17.63,19.55,20.6,20.11,3.97,23.56,1.18,14.31,21.71,19.05,10.64,2.6,0.12,1.37,0.21,5.78,0.76,14.8,0.08,1.48,11.57,0.11,0.42,3.16,21.89,1.18,22.46,1.16,25.74,7.71,4.2,7.29,20.12,22.23,1.95,0.11,19.48,19.75,0.49,4.91,16.86,0.19,0.11,2.99,16.98,6.74,28.42,26.9,20.2,0.06,23.08,21.36,4.44,1.36,22.24,23.98,15.37,1.54,0.58,2.11,8.13,8.31,18.02,20.46,0.38,11.49,0.59,25.55,0.27,1.32,0.73,15.52,1.76,0
eng,36.75,2.52,17.92,1.22,22.39,5.95,1.8,37.35,23.04,28.13,31.17,0.27,30.59,20.58,41.12,32.56,26.19,-,25.57,28.41,24.12,0.68,24.23,41.99,0.37,34.47,0.51,4.65,23.79,28.15,28.12,27.07,6.74,37.26,3.53,18.17,27.74,22.77,15.36,4.71,0.27,2.42,0.69,9.82,1.56,18.51,0.23,4.47,11.33,0.61,1.03,6.65,27.6,3.37,28.79,2.72,33.8,11.15,6.22,10.35,33.39,49.74,3.52,0.12,26.82,33.09,1.54,12.9,24.62,0.4,0.14,5.65,21.01,10.02,44.84,38.1,27.14,0.05,31.05,27.75,11.74,3.29,30.72,40.23,26.95,3.35,1.86,4.2,11.63,6.36,24.88,27.9,0.94,15.04,1.16,35.1,1.12,4.47,2.17,19.33,3.89,0
spa,19.43,1.08,12.11,1.07,19.17,6.39,1.23,25.62,16.48,18.24,23.12,4.02,20.8,10.13,24.82,21.04,20.61,25.09,-,20,16.88,0.23,17.9,29.33,0.39,27.54,0.16,2.24,16.48,18.47,19.51,20.18,3.27,21.96,1.71,13.59,23.87,18.05,10.97,2.08,0.17,2.92,0.22,5.71,0.72,13.75,0.09,1.46,11.83,0.29,0.4,2.73,21.36,1.58,20.77,1.41,23.46,6.24,4.37,7.06,19.2,21.59,1.94,0.14,19.52,20.25,0.54,4.9,16.84,0.35,0.03,2.82,17.62,7.05,28.1,26.11,19.29,0.05,21.59,20.42,4.11,2.03,20.35,23.1,13.07,0.38,0.49,2.52,7.96,5.9,17.48,19.25,0.69,9.99,0.67,24.45,0.44,2.14,1.09,14.86,2.21,0
est,22.98,1.17,13.47,1.51,21.25,7.35,5.26,29.16,18.87,23.83,23.27,7.58,25.82,10.37,29.14,25.62,20.87,30.33,21.46,-,19.08,0.4,23.81,30.99,0.35,26.79,0.33,2.3,18.27,21.64,24.43,23.86,4.52,25.63,1.63,16.02,23.2,20.69,11.82,2.94,0.21,2.16,1.17,6.27,0.92,15.69,0.07,1.57,13.4,0.39,0.65,4,25.59,1.83,27.05,1.5,27,8.76,4.97,8.44,22.71,22.32,2.16,0.21,22.5,22.63,0.89,5.24,17.61,0.33,0.12,3.71,19.66,7.55,30.3,28.32,23.33,0.07,26.49,25.14,4.23,1.88,25.51,28.13,17.9,3.15,0.63,2.74,8.65,9.83,20.01,23.82,0.71,12.59,0.96,28.3,0.49,2.28,0.98,16.6,2.41,0
fas,19.65,1.08,13.64,1.31,17.06,4.53,2.17,24.37,17.89,18.74,19.94,4.28,20.65,9.06,23.2,19.8,19.3,26.1,18.03,19.84,-,0.23,16.99,27.21,0.35,22.09,0.33,1.44,17.01,20.81,19.19,19.13,3.23,22.66,1.12,13.49,19.42,17.64,9.82,1.94,0.11,1.28,0.65,5.68,0.81,14.37,0.1,1.07,10.06,0.21,0.36,2.63,19.91,1.05,21.13,1.17,22.81,4.91,4.35,4.15,20.15,19.43,1.79,0.23,18.16,18.36,0.53,4.73,14.5,0.23,0.08,3.53,15.62,7.82,26.11,23.9,18.26,0.09,21.35,19.87,3.53,1.26,20.19,21.91,16.31,1.55,0.49,1.92,8.7,5.55,16.98,18.76,0.32,11.75,0.63,26.15,0.26,1.55,0.66,14.5,1.75,0
ful,2.27,0.3,0.3,0.1,1.96,0.5,0.82,2.23,0.73,0.83,2.05,2.02,1.76,1.51,1.2,1.64,1.34,2.4,2.16,1.87,0.69,-,1.21,2.98,0.62,2.23,0.19,0.95,0.9,0.9,1.59,1.17,0.22,2.06,1.23,1.98,2.04,1.02,1.3,0.12,0.14,0.4,0.41,0.54,0.14,0.55,0.01,0.2,1.66,0.81,0.79,0.54,1.79,0.73,1.29,0.78,1.84,0.34,0.16,0.49,1.87,2.49,0.12,0.39,2.35,2.61,1.16,0.68,1.99,0.13,0.15,0.19,1.57,0.33,2.39,2.05,1.25,0.06,1.28,1.44,0.85,1.06,1.62,1.43,1.37,0.24,0.11,0.21,0.4,2.41,0.92,1.38,0.47,0.36,0.26,1.66,0.68,1.52,0.41,1.4,1.33,0
fin,20.61,1.03,12.38,1.12,19.4,6.45,3.12,26.4,16.93,20.93,21.59,5.18,23.55,9.14,26.6,23.04,19.73,27.16,19.93,25.26,16.8,0.26,-,29.29,0.39,24.7,0.27,1.95,16.61,19.76,21.43,22.13,3.1,23.29,1.33,15.28,21.02,19.89,10.75,2.13,0.14,1.84,0.52,5.02,0.69,14.76,0.07,1.29,12.41,0.35,0.52,2.63,23.68,1.54,23.93,1.59,24.76,6.77,4.46,6.6,20.42,19.67,1.69,0.15,21.52,20.34,0.76,4.22,15.41,0.25,0.07,2.96,17.85,6.44,27.49,25.7,20.61,0.07,24.1,23.1,3.62,1.79,21.91,27.25,14.19,0.9,0.44,2.02,7.46,6.74,18.45,20.07,0.61,10.76,0.88,26,0.45,1.83,0.86,16.03,2.09,0
fra,26.7,1.04,15.36,1.21,26.01,6.43,2.67,32.16,19.44,25.14,28.74,8.32,27.34,12.12,32.96,28.53,23.88,37.17,25.6,25.22,20.2,0.54,21.86,-,0.48,32.82,0.26,2.72,20.74,22.91,25.72,24.79,3.83,29.14,1.69,16.81,28.56,21.54,13.17,2.43,0.2,3.11,0.82,6.65,0.87,16.71,0.09,1.48,15.39,0.33,0.66,3.13,25.92,2.08,25.68,1.84,29.56,7.29,4.94,6.82,25.86,26.21,2.1,0.19,24.51,25.12,0.89,6.06,23.08,0.37,0.07,3.66,20.91,8.13,37.84,34.62,24.47,0.07,28.12,26.07,4.81,2.02,26.69,31.36,17.17,0.75,0.59,2.49,9.42,9.87,22.03,23.98,0.73,11.98,0.97,30.26,0.64,2.27,1.16,17.61,2.74,0
gle,1.07,0.14,0.07,0.04,0.92,0.17,0.45,1.43,0.19,0.39,0.82,1.27,1.13,1.78,0.7,0.57,0.86,1.83,1.24,1.46,0.22,0,1.2,1.71,-,1.66,0.13,0.72,0.72,0.38,0.83,0.81,0.11,1.2,0.79,0.76,1.77,0.46,1.01,0.03,0.09,0.14,0.22,0.56,0.04,0.18,0,0.07,1.35,0.17,0.3,0.23,1.22,0.63,0.54,0.9,0.91,0.14,0.14,0.22,0.64,2.08,0.03,0.18,1.15,1.26,0.31,0.98,1.54,0.13,0.03,0.21,1.26,0.29,1.68,1.24,0.79,0,1.13,1.24,0.94,0.37,0.41,0.56,0.77,0.13,0.09,0.2,0.13,1.51,0.27,0.46,0.26,0.1,0.14,0.43,0.2,0.42,0.36,0.17,0.58,0
glg,24.86,1.15,13.99,1.24,28.88,7.73,5.54,30.4,18.54,23.56,30.07,7.65,25.66,11.74,30.69,26.52,23.66,33.68,27.65,24.11,19.48,0.61,21.06,37.06,0.45,-,0.29,2.62,19.63,22.13,24.24,23.22,3.86,27.85,1.87,16.06,26.87,20.44,12.68,2.71,0.18,3.29,0.73,6.43,0.87,15.53,0.11,1.69,14.61,0.36,0.69,3.73,24.76,2.03,24.4,1.82,28.76,8.61,4.74,8.79,24.02,26.02,2.15,0.25,22.26,24.41,0.91,5.91,21.14,0.37,0.13,3.76,19.91,7.85,34.81,32.36,23.22,0.06,26.62,24.75,4.85,2.33,25.52,29.24,19.26,2.46,0.52,3.2,8.95,12.79,20.8,22.8,0.83,12.17,0.95,28.93,0.62,2.39,1.15,17.05,2.43,0
guj,0.99,0.14,0.21,0.04,0.4,0.15,0.19,1.1,0.55,0.42,0.89,0.06,0.62,0.99,0.44,0.51,0.32,0.5,0.59,0.84,0.27,0,0.51,0.71,0.26,0.75,-,0.18,0.5,1.09,0.55,0.92,0.1,0.3,0.22,0.51,0.78,0.18,0.86,0.18,0.03,0.02,0.05,0.54,0.2,0.2,0.01,0.1,0.21,0.01,0.07,0.14,1.07,0.19,0.77,0.95,0.99,0.72,0.45,0.81,0.28,1.29,0.18,0.37,0.63,0.93,0.12,0.7,0.35,0.04,0.01,1.34,0.55,0.24,0.64,0.44,0.42,0.02,0.77,0.57,0.42,0.12,0.84,0.52,0.53,0.45,0.05,0.32,0.26,0.42,0.32,0.58,0.07,0.32,0.02,1.04,0.01,0.1,0.06,0.22,0.12,0
hau,6.24,1.23,1.81,0.23,4.17,1.18,2.09,5.85,2.62,3.16,5.69,4.67,4.58,5,5.36,4.34,5.36,8.57,5.8,4.62,3.63,0.2,3.85,6.79,0.71,6.52,0.5,-,4.11,3.97,4.51,4.83,1.2,6.46,3.63,4.81,5.46,2.79,3.3,0.53,0.12,0.31,1.47,1.85,0.47,1.82,0.03,0.38,4.1,0.85,0.9,1.7,4.99,1.79,4.34,1.74,5.72,1.19,0.78,1.57,5.93,7.08,0.59,1.32,5.01,5.76,1.2,4.25,4.65,0.25,0.18,0.89,4.6,1.62,7.12,6.2,4.01,0.05,4.72,4.31,3.36,2.96,4.73,5.19,5.14,0.82,0.36,1.22,2.09,5.97,2.74,4.29,0.83,1.92,0.59,7.02,0.71,2.87,1.63,4.09,3.76,0
heb,22.84,1.15,14.51,1.13,19.34,4.18,2.2,27.29,17.39,21.06,21.98,4.11,22.82,9.27,26.41,22.43,20.87,29,19.56,21.53,19.18,0.22,18.5,30.41,0.37,25.08,0.38,1.53,-,20.87,21.91,19.9,3.22,24.36,1.18,14.32,20.64,17.86,10.71,2.3,0.09,1.17,0.58,6.02,0.7,14.56,0.09,1.12,10.81,0.17,0.36,2.81,21.88,0.86,22.65,1.11,26.22,4.66,4.5,3.54,21.58,21.84,2.12,0.24,19.78,20.59,0.48,4.6,15.72,0.17,0.15,3.5,16.95,7.28,29.18,26.61,20.64,0.07,23.82,22.27,3.7,1.22,22.84,25.31,16.85,1.12,0.5,2.25,7.89,5.15,17.72,21.15,0.3,11.07,0.62,26.76,0.24,1.63,0.55,14.45,1.7,0
hin,20.11,1.76,12.18,2.58,16.37,6.04,3.73,23.87,21.77,17.38,18.94,5.21,19.14,9.28,22.77,19.4,17.47,27.89,16.56,18.5,17.54,0.21,15.66,25.88,0.38,20.61,0.66,1.79,15.93,-,17.8,17.83,4.16,21.03,1.29,12.21,17.86,18.01,9.78,2.6,0.12,1.18,0.79,6.49,1.7,13.91,0.08,1.41,10.41,0.15,0.32,3.35,19.05,1.17,19.69,1.17,21.9,9.99,5.07,12.63,19.9,20.68,2.49,1.18,17.41,17.94,0.52,4.88,14.23,0.23,0.16,7.01,14.5,8.72,24.42,23.11,16.85,0.11,19.52,18.95,3.91,1.45,20.3,21.53,16.8,3.83,0.73,2.43,8.11,5.99,16.51,17.64,0.35,16.35,0.75,23.85,0.23,1.81,0.61,13.51,1.88,0
hrv,23.89,1.26,14.3,1.4,22.46,7.7,3.06,31.69,18.87,31.78,24.15,7.66,28.81,10.95,29.63,26.07,22.77,31.32,22.44,25.32,19.38,0.41,21.84,32.88,0.35,27.72,0.33,2.4,19.67,22.03,-,24.38,4.01,27.21,1.8,16.18,24.49,20.56,12.14,2.56,0.17,2.4,1.25,6.63,0.99,15.45,0.1,1.86,13.04,0.36,0.8,3.7,25.92,1.96,10.59,1.74,32.14,8.92,5.44,8.8,23.64,23.26,2.17,0.75,23.43,23.05,1.09,6.03,18.21,0.43,0.22,3.75,20.98,7.54,31.22,29.71,24.4,0.06,29.38,29.24,4.61,2.38,26.61,28.96,20.49,3.14,0.58,2.99,9.44,9.91,20.28,25.16,0.75,12.55,1.24,28.77,0.59,2.47,1.01,16.89,2.51,0
hun,21.64,1.27,13.15,1.31,21.04,7.21,4.37,27.98,18.19,22.46,22.18,7.25,24.52,9.86,27.15,24.35,20.69,28.47,20.94,23.94,18.12,0.46,20.42,30.01,0.45,25.53,0.29,2.62,17.6,20.28,22.78,-,3.75,24.58,1.59,15.03,22.9,20.32,11.23,2.65,0.19,2.46,0.88,5.7,0.94,15.47,0.09,1.55,12.78,0.39,0.77,3.25,23.58,1.88,23.32,1.65,26.23,7.98,5.05,7.79,21.83,21.57,2.08,0.42,22.35,21.26,0.92,5.15,16.82,0.35,0.18,3.12,18.55,7.55,29.2,28.24,21.28,0.09,24.99,24.21,4.2,2.17,23.5,26.57,16.23,1.23,0.52,2.24,8.74,9.05,19.99,21.07,0.73,11.53,1.11,27.54,0.49,2.27,0.97,16.84,2.48,0
hye,11.03,0.63,6.1,0.3,6.09,1.75,0.85,14.82,8.05,8.42,11.11,0.46,10.61,5.92,11.96,10.98,11.14,15.1,10.4,11.61,8.86,0.01,9.03,15.1,0.33,12.4,0.2,0.34,8.62,11.06,8.12,9.94,-,11.27,0.8,7.28,10.24,7.05,4.55,2.43,0.05,0.12,0.34,3.49,0.54,6.03,0.02,0.35,4.66,0.02,0.16,0.87,11.91,0.23,10.38,0.63,13.3,2.64,2.11,3.55,9.42,14.34,1.04,0.12,9.4,9.93,0.17,3.16,8.03,0.15,0.05,2.05,7.82,4.17,13.69,13.32,10.77,0.02,10.78,10.48,2.29,0.46,11.39,11.45,7.75,1.18,0.29,1.02,3.49,2.28,6.32,11,0.18,5.8,0.18,13.17,0.06,0.74,0.21,6.52,0.83,0
ind,23.99,1.28,14.03,1.42,20.41,4.3,2.35,28.18,19.41,22.13,22.75,8.55,23.74,12.25,28.3,23.15,21.09,33.74,20.67,22.84,19.36,0.85,18.79,30.81,0.51,25.93,0.38,2.92,18.5,22.18,23,21.79,3.45,-,1.88,16.2,21.49,21.05,16.57,2.25,0.24,2.79,0.83,6.91,0.85,16.08,0.11,1.48,12.25,0.55,0.81,4.17,22.81,2.47,23.57,1.93,26.43,5,5.1,3.58,29.48,24.97,2.34,0.17,21.58,22.53,1.18,6.37,17.23,0.4,0.07,3.78,17.98,8.45,30.71,28.15,20.7,0.08,24.27,22.52,4.98,2.68,22.58,27.65,19.75,1.36,0.66,2.58,10.48,8.06,20.49,21.56,0.77,11.34,1.2,31.4,0.7,2.61,1.23,17.41,2.8,0
ibo,4.81,1.18,1.85,0.18,3.73,1.17,2.03,5.26,2.56,2.8,5.11,4.51,3.97,4.35,4.87,4.16,4.89,7.37,5.16,3.91,3.39,0.29,3.37,6.02,0.8,5.42,0.56,1.96,3.28,3.27,4.14,3.67,1.12,5.74,-,4.07,4.72,2.99,2.85,0.6,0.12,0.27,1.18,1.87,0.56,1.92,0.03,0.37,3.56,0.78,0.82,1.22,4.25,1.59,3.68,1.61,4.95,1.2,0.82,1.5,4.86,6.35,0.64,1.24,4.52,4.85,1.11,3.43,4.02,0.22,0.17,0.9,4.02,1.39,6.45,5.23,3.95,0.05,4.06,3.76,2.83,2.58,3.85,4.88,4.38,0.97,0.37,1.12,2.01,5.42,2.58,3.9,0.65,1.89,0.55,5.94,0.65,2.44,1.54,3.83,3.15,0
isl,19.86,1.24,11.05,1.03,16.41,6.08,6.09,21.63,14.68,17.51,18.94,6.93,18.67,9.67,24.8,19.93,16.27,25.02,16.78,18.83,15.25,0.4,16.86,24.71,0.4,20.66,0.41,2.38,14.16,16.75,18.45,17.62,3.37,21.73,1.94,-,17.8,16.62,10.75,2.14,0.2,1.94,1.65,5.92,0.78,12.62,0.08,1.17,11.21,0.4,0.73,4,18.73,2,18.56,2.05,20.79,7.44,3.67,7.14,19.05,18.83,1.94,0.55,17.61,19.03,1.07,5.49,14.1,0.4,0.1,3.31,14.58,6.35,23.72,22.36,17.14,0.07,19.58,18.92,4.32,2.33,18.74,23.29,16.99,2.84,0.54,2.35,7.61,11.49,15.36,16.84,0.79,9.68,1,23.62,0.53,2.5,1.27,13.2,2.48,0
ita,22.03,1.23,13.38,1.31,22.44,7.19,3.45,28.52,18.1,21.07,25.2,8.89,23.57,10.62,27.56,24.2,22.09,28.74,24.52,22.09,18.24,0.21,19.46,34.39,0.42,29.23,0.33,2.17,17.83,20.57,22.38,22.55,3.74,24.37,1.65,15.05,-,19.84,11.71,2.56,0.19,2.52,0.79,6.23,0.68,15,0.09,1.47,13.93,0.31,0.75,3.36,22.57,2.02,10.3,1.85,26.19,9.16,4.7,8.99,21.69,23.29,2.27,0.46,21.99,21.86,0.94,5.43,18.71,0.34,0.21,3.48,19.12,7.59,31.47,29.52,21.41,0.07,24.37,23.41,4.47,2.02,22.54,26.42,19.22,2.24,0.49,1.97,8.97,11,19.59,21.35,0.81,11.27,0.8,27.07,0.6,2.2,1.21,15.46,2.55,0
jpn,14.85,1.2,10.3,1.37,13.87,5.66,4.52,20.19,16.05,15.05,15.88,4.98,17.09,7.18,18.34,16.27,16.33,19.45,15.69,16.63,14.28,0.2,14.75,21.86,0.34,18.02,0.39,1.54,13.3,17.86,15.45,16.74,2.68,18.1,1.15,11.38,16.02,-,7.91,2.03,0.1,1.16,1.24,4.99,0.89,18.47,0.07,1.4,8.98,0.1,0.39,3.13,17.54,0.89,15.02,1.06,18.92,8.77,4.46,7.57,16.26,15.89,1.96,0.62,16.08,14.85,0.5,3.55,11.5,0.19,0.17,3.08,14.12,5.63,20.44,19.31,15.34,0.09,16.86,16.28,2.95,1.17,16.73,17.76,14.02,3.1,0.45,1.95,6.34,9.3,14.43,15.02,0.37,10,0.73,22.12,0.27,1.48,0.57,15.69,1.66,0
jav,14.97,1.74,7.08,0.97,12.86,5.38,5.89,15.85,11.31,12.5,13.86,10.68,12.73,10.16,15.94,12.82,13.11,20.96,13.49,12.88,11.39,0.55,10.85,18.24,0.91,15.64,1.12,3.54,10.93,13.35,12.39,12.92,3,22.78,2.47,10.32,13.09,11.3,-,2.33,0.24,1.38,3.19,6.47,1.11,8.3,0.11,1.22,9.79,0.65,0.89,4.96,12.93,2.6,12.91,1.98,15.73,5.61,3.34,6.14,18.95,17.95,2.08,4.45,12.53,14.22,1.61,6.73,12.09,0.46,0.21,3.6,10.94,5.68,17.98,16.68,11.99,0.11,13.4,13.09,5.04,2.89,13.82,15.37,14.23,3.8,0.68,2.94,7.25,12.05,11.61,12.07,0.84,7.25,1.12,18.58,0.71,3.56,1.69,9.2,3.19,0
kat,8.45,0.84,4.54,0.36,4.82,2.42,1.28,11.71,6.56,6.22,9.2,0.95,7.97,5.15,8.05,7.98,9.48,11.07,9.14,9.72,7.06,0.02,7.74,12.62,0.31,10.62,0.22,0.53,6.82,8.97,4.86,9.17,2.37,8.63,0.88,5.67,9.12,6.86,4.26,-,0.05,0.22,0.12,3.56,0.77,5.09,0.02,0.33,3.64,0.03,0.19,0.73,10.37,0.28,9.49,0.86,10.76,2.65,2.13,3.21,7.4,12.34,0.98,0.22,7.66,7.79,0.23,3.03,6.46,0.18,0.07,2.1,7.01,3.67,10.98,10.15,8.26,0.02,8.44,7.75,2.27,0.6,9.35,8.24,5.2,1.05,0.36,0.68,2.94,2.36,5.28,9.07,0.27,4.5,0.25,10.46,0.08,0.92,0.3,5.18,0.82,0
kam,4.7,0.67,1.25,0.33,4,1.6,1.79,5.08,2.82,2.57,5.2,3.61,4.04,3.64,4.43,4.5,4.05,7.46,5.41,3.6,2.97,0.57,3.17,5.65,0.86,5.31,0.48,2.52,3.46,3.95,3.82,4.64,0.7,5.71,1.86,3.72,4.65,3.47,3.92,0.6,-,0.46,1.56,1.42,0.31,2.3,0.03,0.49,3.68,0.79,1.47,1.25,3.98,2.4,3.02,2.34,4.84,0.92,0.84,1.63,5.7,4.98,0.4,1.04,4.82,4.63,1.37,3.63,4.38,0.41,0.18,0.81,3.99,1.19,5.87,4.94,3.88,0.06,4.2,3.97,2.15,2.26,3.66,4.76,4.48,0.6,0.31,1.22,1.76,4.66,2.5,3.51,1.03,1.57,0.54,5.17,0.81,2.89,1.34,4.5,2.81,0
kea,12.22,0.93,4.68,0.44,11.77,3.25,3.7,13.11,6.34,7.31,14.22,5.46,10.63,6.54,12.78,11.04,10.3,16.76,13.74,10.19,8.48,0.89,8.44,16.95,0.84,16.39,0.44,2.4,7.84,9.09,9.57,11.12,1.17,12.95,2.14,7.9,13.23,8.78,6.91,1.05,0.25,-,1.67,3.05,0.5,6.35,0.07,0.89,6.7,0.91,1.2,1.7,10.07,2.09,9,2.03,12.71,2.61,1.53,3.01,11.28,13.68,0.9,0.91,11.11,11.61,1.44,3.72,11.73,0.3,0.19,1.42,8.88,2.24,19.58,14.56,9.74,0.07,10.9,9.96,2.44,2.38,9.78,12.63,9.1,1.11,0.39,1.72,3.02,6.92,7.27,9.24,0.99,4.33,0.63,14.66,1.17,2.33,1.28,8.33,2.15,0
kaz,6.7,0.89,1.72,0.35,5.22,2.39,3.74,9.96,4.27,6.31,6.21,2.32,6.02,4.76,6.51,5.7,7.84,8,7.17,7.86,5.17,0.08,6.24,8.92,0.45,7.55,0.34,1.11,5.1,5.88,5.71,5.17,1.17,6.81,0.92,5.29,7.29,3.86,4.18,1.03,0.12,0.3,-,2.41,0.59,3.26,0.04,1.04,4.55,0.09,0.38,1.63,7.94,0.89,7.68,0.95,9.65,1.75,3,2.73,5.24,7,0.92,1.28,6.5,6.12,0.45,2.32,5.53,0.14,0.19,2.01,5.98,2.48,8.71,7.96,7.79,0.03,6.81,6.68,1.59,0.78,7.68,6.62,4.69,1.17,0.22,1.15,1.98,5.02,2.86,8.28,0.35,2.87,0.56,7.96,0.19,1.25,0.49,4.08,1.34,0
khm,11.21,1.02,6.74,0.52,8.51,3.76,3.15,13.21,8.93,9.28,11.13,4.03,10.4,6.87,13.37,10.39,10.71,15.68,10.82,10.85,9.64,0.31,8.8,14.92,0.57,12.6,0.91,1.57,7.49,10.37,9.85,10.45,2.62,13.84,1.73,8.87,10.52,9.83,6.97,1.91,0.16,0.89,1.69,-,0.82,7.73,0.07,0.61,7.31,0.33,0.56,5.94,10.36,1.24,10.9,1.36,11.89,4.51,2.64,4.89,12.62,13.92,2.25,1.46,10.23,10.88,0.89,4.61,8.35,0.28,0.13,2.62,8.92,4.42,14.17,13.84,9.92,0.06,10.82,10.54,3.29,1.67,11.23,12.07,10.7,3.01,0.44,1.77,9.73,6.86,9.27,10.03,0.58,6.31,0.59,16.88,0.46,2.03,0.73,8.72,2.06,0
kan,3.44,0.65,1.07,0.29,1.79,0.98,1.26,4.28,5.08,2.01,4.15,0.79,3.34,2.39,2.99,2.86,4.43,5.02,2.97,3.87,2.64,0.03,3.17,5.06,0.32,4.25,0.71,0.41,2.58,6.75,2.78,3.52,0.66,3.36,0.61,2.58,3.83,2.34,2,0.59,0.05,0.08,0.45,1.2,-,1.89,0.03,0.17,2.56,0.06,0.18,0.54,4.18,0.24,3.73,0.6,4.21,2.91,0.87,3.24,3.01,5.17,0.7,2.15,2.96,3.33,0.22,1.27,2.47,0.12,0.13,7.41,2.58,2.04,4.77,4.98,2.25,0.08,3.1,3.41,0.93,0.46,3.88,3.28,2.76,1.65,0.25,0.65,1,2.66,1.65,2.74,0.19,3.23,0.15,4.5,0.06,0.41,0.19,2.05,0.57,0
kor,15.72,1.21,10.57,1.52,14.45,6.64,4.58,21.06,16.44,15.76,16.53,5,17.05,7.59,19.45,16.7,15.92,20.92,15.39,17.26,15.1,0.29,14.87,22.09,0.32,18.4,0.43,1.8,13.59,18.67,16.49,17.36,3.24,19.13,1.34,11.77,16.31,22.27,8.47,2.1,0.14,1.51,1.01,5.27,1.17,-,0.09,1.33,8.88,0.19,0.54,2.89,17.98,1.16,9.27,1.23,19.44,8.43,4.87,7.69,17.79,16.88,1.91,0.91,16.21,14.92,0.7,4.33,12.18,0.28,0.22,3.18,14.05,5.88,21.27,20.56,15.46,0.08,17.9,17.35,3.3,1.44,17.42,18.91,15.05,3.96,0.56,2.11,7.3,8.37,15.63,15.77,0.5,10.29,0.78,23.1,0.32,1.88,0.78,15.7,1.92,0
kur,6.66,0.74,3.78,0.39,4.32,2.11,2.06,7.59,4.93,4.61,6.49,2.42,5.64,4.28,6.96,5.32,5.43,7.65,5.82,5.27,6.53,0.04,3.93,8.24,0.32,7,0.5,0.76,4.83,7.01,4.89,5.81,1.64,6.76,0.71,4.36,5.15,4.79,3.28,1.04,0.06,0.2,0.61,2.18,0.52,3.21,-,0.34,4.61,0.05,0.23,1.42,5.71,0.53,5.7,0.85,7.17,2.74,1.05,2.79,6.28,8.23,0.76,0.41,5.5,5.6,0.33,2.46,4.71,0.08,0.07,1.79,4.44,2.64,7.8,7.14,5.51,0.04,5.66,5.96,1.46,0.63,5.72,6.12,5.61,1.56,0.29,1.17,2.59,4.4,3.98,5.25,0.23,4.68,0.24,8.43,0.07,0.77,0.3,3.64,0.89,0
kir,9.56,1.13,6.3,0.63,6.64,5.32,5.74,13.84,9.34,8.01,10.3,3.34,9.8,5.28,10.77,9.51,11.09,11.39,10.91,10.09,9.52,0.12,8.72,13.75,0.36,11.74,0.38,1.09,8.58,11.73,9.11,10.27,1.74,10.92,0.96,7.25,10.36,11.82,5.11,1.32,0.12,0.42,3,3.42,0.61,8.47,0.04,-,6.07,0.17,0.4,1.57,11.13,0.94,11.18,0.88,12.63,4.56,3.42,5.17,8.95,11.47,1.5,1,9.83,8.97,0.6,2.84,8.7,0.15,0.19,1.87,8.39,3.61,12.99,11.33,11.55,0.06,10.16,9.96,2.22,0.95,11.35,9.84,8.58,2.25,0.39,1.94,3.78,5.71,9.07,11.41,0.34,6.3,0.69,13.28,0.28,1.43,0.53,8.84,1.6,0
ltz,21.67,1.26,7.25,0.8,16.05,5.52,8.23,21.89,13.07,17.51,18.32,10.08,19,9.78,25,28.06,16.19,26.82,17.56,18.81,13.74,0.39,15.58,26.33,0.59,22.29,0.45,2.37,13.35,14.99,16.8,16.75,3.6,19.77,1.82,12.81,19.36,11.13,10.64,2.33,0.18,1.17,3.55,5.07,0.73,8.73,0.08,1.16,-,0.38,0.7,3.52,17.53,1.94,16.85,1.79,21.56,5.86,3.72,6.57,16.51,18.85,1.84,0.61,19.82,21.17,1.11,4.89,15.67,0.35,0.17,3.61,14.83,6.89,25.2,23.08,16.91,0.07,20.48,17.94,3.71,1.93,19.3,23.19,14.45,3.03,0.47,2.51,6.63,12.06,11.22,17.06,0.67,8.22,0.86,20.6,0.52,2.52,1.24,10.92,2.43,0
lug,3.35,0.51,0.8,0.25,2.92,0.89,0.78,3.58,1.46,1.6,3.94,3.44,3.02,2.69,2.18,3.19,3.1,4.45,3.96,2.73,1.62,0.51,2.3,4.33,1.01,3.69,0.25,1.39,1.64,1.76,2.51,2.35,0.46,3.04,1.85,3.18,3.68,1.95,1.58,0.18,0.14,0.42,0.79,1,0.24,1.05,0.05,0.34,2.62,-,1.09,0.93,3.2,2.04,2.37,1.59,3.68,0.64,0.37,0.9,3.15,3.93,0.2,0.73,3.61,3.84,1.69,1.74,3.58,0.24,0.23,0.38,2.73,0.64,4.56,3.41,2.11,0.11,2.86,2.61,1.73,1.89,2.6,3.25,2.72,0.43,0.17,0.69,0.69,4.31,1.63,2.06,0.71,0.69,0.38,2.59,0.67,2.07,0.73,2.82,2.3,0
lin,3.12,0.47,0.75,0.24,3.35,0.94,0.98,3.82,1.26,1.56,4.2,3.47,2.82,2.1,2.86,3.12,2.77,4.57,3.85,2.86,1.64,0.25,2.4,5.52,0.94,3.93,0.21,1.1,2,1.52,2.79,2.09,0.43,3.11,1.9,3.23,3.92,1.58,1.32,0.24,0.14,0.51,0.8,0.85,0.17,1.05,0.05,0.31,3.02,0.74,-,1.01,3.47,1.36,2.33,0.93,3.21,0.6,0.37,0.71,2.87,3.93,0.26,0.92,3.87,3.79,1,1.53,3.41,0.22,0.15,0.33,2.89,0.65,4.61,3.25,2.67,0.1,2.85,2.84,1.49,1.86,2.27,3.66,2.38,0.39,0.16,0.52,0.66,3.56,1.61,2.43,0.68,0.81,0.32,2.78,0.65,1.95,0.52,2.51,2.15,0
lao,8.03,0.64,3.85,0.29,4.68,1.76,2.69,9.81,5.49,4.07,8.63,3.09,6.99,4.06,6.61,7.41,8.56,11.66,8.08,8.3,5.78,0.07,6.56,11.21,0.52,9.15,0.6,0.92,5.18,7.17,5.42,8.52,1.26,10.62,1.18,5.33,8.37,5.62,5.96,0.87,0.15,0.7,1.35,6.54,0.38,4.35,0.03,0.35,4.92,0.39,0.35,-,8.23,0.99,7.2,1.12,8.59,2.11,1.41,2.18,10.1,10.03,1.57,2.1,6.61,7.98,0.61,3.42,5.24,0.18,0.11,1.37,6.27,2.47,11.2,10.71,6.61,0.05,7.19,7.39,2.74,1.19,7.59,7.29,8.29,1.23,0.33,1.25,6.72,6.14,5.19,6.67,0.49,3.12,0.3,12.43,0.28,1.49,0.55,6.21,1.82,0
lit,20.59,1.19,12.7,1.31,19.36,7.34,6.85,28.16,17,22.48,21.52,5.23,23.81,9.66,25.38,22.87,20.86,27.03,20.05,23.41,17.71,0.22,19.95,29.47,0.37,24.57,0.36,2.11,17.18,20.19,22.99,21.59,3.72,23.49,1.45,14.45,21.8,19.71,10.68,2.54,0.17,1.74,0.55,5.8,0.84,14.6,0.06,1.63,12.23,0.24,0.5,2.75,-,1.58,26.03,1.38,25.96,7.93,5.25,7.46,20.57,21.03,2.03,0.18,20.66,20.23,0.72,4.86,16.26,0.26,0.06,3.32,19.97,7.14,27.67,26.32,22.62,0.07,24.53,23.57,4.09,1.73,22.96,24.57,16.22,1.43,0.45,2.66,8.82,7.98,18.38,22.72,0.61,10.8,1.05,26.09,0.34,2.13,0.87,15.93,2.31,0
luo,5.27,0.74,1.54,0.25,3.87,1.38,1.87,4.92,2.44,2.55,5.2,4.53,4.07,3.9,4.36,4.38,4.61,7.43,5.82,4.03,2.72,0.37,3.53,5.98,0.79,5.4,0.53,2.09,3.35,3.77,4.07,4.37,0.74,5.81,1.6,4.12,5.13,3.38,3.14,0.51,0.16,0.4,1.59,1.36,0.34,2.54,0.04,0.45,3.23,0.63,0.89,1.12,4.25,-,3.27,2.08,4.97,1.01,0.75,1.42,5.56,4.96,0.48,0.91,4.64,4.63,1.13,3.49,4.42,0.37,0.16,0.65,4.46,1.11,6.51,5.2,3.7,0.06,4.38,3.95,2,2.25,3.82,5.14,4.34,0.62,0.26,1.16,1.52,4.97,2.3,3.78,0.88,1.35,0.38,5.31,0.63,2.85,1.32,4.78,2.57,0
lav,17.39,1.07,11.56,1.38,7.25,8.01,1.51,13.7,17.97,21.99,20.37,4.09,6.88,7.5,9.82,13.35,21.54,28.82,20.05,25.54,16.01,0.08,21.35,30.21,0.32,25.13,0.19,1.7,16.53,21.71,7.25,22.6,3.16,22.98,0.82,13.92,13.5,13.94,10.26,2.06,0.09,0.69,0.59,5.47,0.89,7.06,0.06,1.6,9.12,0.08,0.3,0.69,27.36,0.92,-,1.19,17.95,8.05,4.84,8.05,20.56,10.47,1.92,0.16,8.34,14.28,0.42,4.95,15.25,0.22,0.11,3.46,8.64,7.19,28.61,12.6,13.95,0.03,12.27,9.08,3.52,1.22,7.81,13.7,17.85,1.57,0.54,1.53,1.64,10.54,19.06,13.38,0.33,12.11,0.84,14.69,0.11,1.74,0.57,10.5,1.8,0
mri,4.64,0.51,0.94,0.22,3.46,1,2.09,4.15,1.85,2.39,4.68,4.83,3.25,4.09,4.23,3.45,3.55,6.71,4.71,3.26,2.27,0.15,2.77,5.18,1.29,4.87,0.48,1.52,2.23,2.66,3.37,3.49,0.57,4.73,1.65,3.72,4.7,2.54,2.99,0.41,0.15,0.45,1.44,1.12,0.25,1.4,0.05,0.46,3.43,0.46,0.83,1.26,3.26,2.17,2.66,-,4.44,0.6,0.57,1.14,4.76,3.92,0.29,0.94,4.02,3.85,1.46,2.8,3.64,0.32,0.14,0.54,3.45,0.9,5.34,4.44,3.18,0.07,3.41,2.95,2.13,2.16,3.46,4.22,3.17,0.46,0.27,0.78,1.28,4.18,1.93,2.77,0.95,1.21,0.66,4.06,0.45,2.67,1.24,3.24,2.64,0
mkd,25.02,1.33,14.96,1.47,23.72,7.87,3.84,35.22,19.55,29.46,25.21,7.41,27.56,10.49,30.27,26.34,23.61,33.68,22.47,25.1,20.54,0.24,21.15,33.98,0.34,28.51,0.35,1.95,20.84,23.1,28.58,23.42,4.36,27.43,1.3,15.8,24.57,21.09,11.93,2.62,0.13,1.74,1.07,5.68,1.01,16.48,0.09,1.78,13.17,0.14,0.44,3.4,25.97,1.24,22.13,1.24,-,8.98,5.78,8.94,23.49,24.25,2.36,0.71,22.94,23.81,0.61,5.4,18.45,0.26,0.19,3.79,20.53,8.03,32.45,31.2,25.63,0.07,28.76,27.63,4.26,1.47,32.21,29.23,20.61,3.29,0.53,3.22,8.98,8.56,20.27,26.55,0.43,13.04,1.04,29.37,0.29,1.88,0.76,17.61,1.98,0
mal,13.13,1.4,7.44,1.16,10.05,5.07,4.39,15.73,15.33,10.83,12.99,4.57,12.39,6.98,15.04,11.98,11.59,17.93,11.29,12.69,11.81,0.09,10.2,17.23,0.36,13.74,0.44,1.33,10.4,16.76,11.24,11.84,2.88,14.11,0.99,8.89,11.98,12.73,6.61,2.07,0.07,0.48,1.11,4.53,1.93,9.76,0.05,0.8,8.16,0.1,0.28,2.69,12.19,0.71,13.63,0.87,14.68,-,3.58,8.39,12.65,14.58,2.01,0.75,12.01,11.85,0.49,3.55,9.76,0.13,0.17,4.5,9.14,5.55,15.91,15.17,11.4,0.08,12.73,12.71,2.49,0.9,13.32,14.06,12.02,4.95,0.59,1.8,6.01,7.46,10.85,11.7,0.23,10.26,0.49,16.98,0.16,1.27,0.37,9.34,1.32,0
mon,11.4,1.43,7.83,0.87,9,4.81,6.59,15.01,11.7,8.07,11.84,5.81,10.91,6.07,12.4,10.61,11.68,14.46,11,11.97,10.97,0.11,9.75,15.51,0.65,12.98,1.42,1.15,9.31,12.34,10.26,11.87,2.39,13.64,1.22,8.95,11.19,12.62,6.46,1.92,0.11,0.52,4.04,4.96,1.13,9.63,0.06,1.04,7.03,0.23,0.27,3.06,11.75,0.96,12.92,0.91,14.23,6.19,-,6.08,11.98,13.83,1.95,5.83,10.56,10.48,0.67,3.75,8.87,0.16,0.18,2.85,8.99,4.3,14.92,13.38,11.05,0.07,11.47,11.13,2.6,0.99,13.19,11.62,10.89,4.2,0.51,2.1,5.89,8.37,9.97,11.71,0.36,7.21,0.63,16.01,0.26,1.51,0.54,9.94,1.61,0
mar,13.46,1.28,7.39,1.7,8.8,4.56,3.59,15.98,17.11,11.28,13.55,4.31,12.21,7,14.58,12.62,12.58,18.72,11.82,12.55,12.19,0.14,10.18,16.57,0.38,13.92,0.51,1.35,10.21,21.34,11.47,11.74,3.01,13.9,1.07,9.17,12.39,13.15,7,1.9,0.1,0.56,0.71,4.62,1.73,10.68,0.07,0.82,7.77,0.11,0.28,2.32,12.9,0.99,13.59,0.95,14.78,8.18,4.02,-,12.91,13.54,1.96,1.34,11.83,11.66,0.61,3.51,9.62,0.18,0.24,5.59,9.89,6.49,16.36,15.55,11.71,0.1,12.3,12.5,2.59,1.14,13.29,14.18,11.04,4.37,0.52,1.9,5.47,5.77,10.61,12.09,0.3,11.68,0.62,17.43,0.16,1.62,0.5,9.83,1.58,0
msa,23.94,1.52,13.66,1.43,18.56,5.15,3.19,26.6,18.96,20.34,22.11,6.66,22.26,12.26,26.42,22.74,20.18,34.25,19.44,21.32,18.28,0.56,17.9,29.62,0.54,24.39,0.39,3.01,17.52,21.72,20.95,20.48,3.41,32.09,2.08,14.96,20.63,19.88,15.17,2.29,0.24,2.81,0.86,7.53,1.11,14.86,0.09,1.27,11.74,0.63,0.8,4.04,21.21,2.45,21.34,2.1,24.01,6.79,5.54,7.57,-,23.34,2.5,0.32,20.26,21.6,1.25,6.65,16.04,0.41,0.17,4.2,16.87,8.27,29,26.76,19.68,0.12,23.09,20.94,5.32,2.76,21.99,26.59,20.62,2.23,0.75,2.99,9.7,9.57,19.41,20.17,0.89,11.64,1.07,29.41,0.62,2.88,1.41,15.93,3,0
mlt,28.41,1.22,15.33,1.22,21.66,7.38,2.68,31.25,19.73,23.64,27.5,6.47,26.35,11.01,33.15,27.46,22.73,49.19,23.93,24.39,20.33,0.97,21.02,36.96,0.42,31.27,0.22,3.11,20.36,23.47,24.22,24.2,2.69,30.49,2.45,16.45,25.42,19.93,12.07,1.71,0.4,2.28,0.62,6.1,0.75,15.8,0.1,1.42,13.94,0.54,0.58,2.15,24.4,2.89,24.79,1.81,29.39,8.32,3.47,8.85,26.29,-,1.77,0.2,22.92,26.13,1.48,6.56,21.94,0.39,0.11,2.8,18.77,7.72,37.46,33.34,22.86,0.07,27.43,24.56,5.56,2.57,26.46,31.69,23.29,1.67,0.77,2.78,5.59,5.73,21.74,23.99,0.71,12.91,0.83,30.79,1.01,2.78,1.53,16.48,1.82,0
mya,7.39,0.82,4.58,0.42,4.98,2.72,1.37,9.5,7.52,6.08,8.46,1.65,7.01,4.83,8.27,6.92,8.09,10.03,7.81,7.21,7.14,0.08,6.05,10.42,0.32,8.87,0.67,0.72,5.95,9.08,7.16,7.25,1.96,9,0.98,6.19,7.81,7.45,4.54,1.26,0.07,0.3,0.82,4.9,0.75,6.07,0.03,0.39,4.77,0.08,0.3,2.35,7.37,0.59,8.29,0.91,8.75,4.12,1.9,4.3,7.8,10.21,-,0.73,7.06,7.46,0.4,2.99,6.35,0.13,0.12,2.33,5.78,3.47,9.92,9.79,6.68,0.04,7.52,7.43,2.32,0.8,8.09,8.54,7.15,2.49,0.35,1.12,5.57,4.12,6.28,6.81,0.25,5.5,0.33,12.17,0.15,1.15,0.34,5.7,1.12,0
npi,8.23,1.05,2.75,0.82,6.11,2.46,3.49,9.69,9.08,6.93,7.46,2.56,7.26,4.98,7.38,7.62,8.55,10.79,7.96,8.24,5.65,0.08,6.94,10.67,0.54,9.64,0.68,1.06,5.45,13.94,5.96,6.63,1.41,8.13,1,6.17,8.45,5.82,4.55,1.43,0.12,0.39,1.7,2.77,1.39,4.95,0.05,0.56,5.37,0.28,0.32,1.58,8.05,0.94,7.92,0.88,9.88,3.61,2.49,7.43,7.43,8.16,1.24,-,7.44,7.41,0.63,2.74,6.1,0.21,0.27,3.75,6.64,4.08,10.47,9.88,6.7,0.09,8.11,7.74,1.87,0.87,8.33,8.48,6.8,2.22,0.41,1.07,2.67,5.78,4.44,7.49,0.45,6.28,0.46,9.68,0.17,1.27,0.63,5.59,1.25,0
nld,21.49,1.07,11.81,1.21,20.14,6.61,6.89,25.07,16.22,19.96,21.15,7.7,21.9,10.29,26.15,23.06,18.89,27.7,19.8,20.8,16.06,0.42,18.65,28.82,0.35,23.83,0.4,2.77,15.98,18.93,20.58,21.06,3.7,22.64,1.73,14.15,21.33,18.56,10.97,2.38,0.21,2.58,1.8,6.3,0.9,13.74,0.08,1.6,12.88,0.39,0.85,3.54,21.14,2.21,10.43,1.78,23.67,7.74,4.84,7.5,19.93,22.73,2.22,0.64,-,21.23,1.23,5.92,15.91,0.46,0.17,3.58,17.3,7.38,26.93,24.8,18.85,0.08,22.76,21.5,4.5,2.34,20.95,25.54,17.43,2.17,0.65,2.68,8.25,10.45,18.32,19.3,0.76,10.9,1.15,24.89,0.61,2.37,1.21,15.2,2.59,0
nob,26.16,1.29,13.91,1.17,22.28,6.75,3.1,29.19,18.19,23.12,24.33,7.11,24.78,12.18,34.18,26.72,21.29,37.39,22.07,23.61,18.48,0.5,21.35,32.84,0.35,27.27,0.29,2.81,18.6,22.25,23.56,22.98,2.95,27.17,1.83,16.94,23.5,19.95,12.62,2.03,0.19,2.59,0.64,6.98,0.63,15.16,0.08,1.4,14.42,0.42,0.66,3.72,23.3,2.29,23.09,1.95,27.66,7.64,5.08,7.85,24.41,24.72,2.23,0.22,23.94,-,1.05,6.34,18.72,0.38,0.13,3.44,18.79,7.82,32.66,29.56,21.61,0.06,26.25,23.71,4.67,2.44,23.69,33.36,20.37,1.59,0.41,2.33,9.28,10.08,19.73,21.58,0.8,11.73,1.09,29.42,0.6,2.27,1.18,16.31,2.35,0
nso,4.06,0.7,1.36,0.27,3.59,1.44,0.53,4.81,1.83,2.13,5.41,4.58,3.79,3.35,4.47,4.04,3.96,6.76,4.96,4,2.19,0.39,3.42,5.34,0.84,4.65,0.24,1.87,3.04,2.55,3.75,3.2,0.61,4.25,2.76,3.92,4.97,2.43,1.76,0.35,0.17,0.54,0.71,1.22,0.25,1.66,0.09,0.43,3.8,1.51,1.27,1.3,4.18,2.33,3.27,1.96,4.76,0.76,0.5,1.5,4.41,5.82,0.34,0.45,4.54,4.87,-,2.53,4.42,0.34,0.24,0.48,3.7,0.88,5.98,4.56,3.15,0.17,3.7,3.36,1.94,2.68,3.2,4.25,3.67,0.67,0.25,0.91,0.89,5.47,2.22,3.61,0.83,0.99,0.39,3.84,0.88,3.02,1.08,3.28,2.99,0
nya,12.01,1.15,6.3,0.56,8.49,4.1,4.45,12.49,9.29,8.48,11.49,7.26,9.83,7.22,12.45,10.92,10.12,17.41,10.99,10.35,9.55,0.5,7.99,15.21,0.65,12.63,0.55,3.02,7.87,10.88,9.61,10.1,2.23,13.54,2.78,8.99,10.72,10.85,7.66,1.58,0.26,0.69,1.63,4.82,0.56,7.39,0.05,1.06,7.41,1.14,0.87,3.35,10.4,2.55,9.82,2.77,11.92,4.91,2.17,5.1,13.26,12.84,1.48,1.23,10.2,10.74,1.63,-,9.74,0.34,0.22,2.06,8.59,4.38,14.21,12.9,9.82,0.09,10.42,9.95,5.63,2.65,10.15,11.94,12.37,3.05,0.63,2.17,5.07,9.78,9.32,9.39,0.85,6.29,0.63,14.75,0.79,2.79,1.62,8.51,2.8,0
oci,24.4,0.78,10.62,0.71,24.16,5.75,4.28,28.26,13.19,21.32,27.87,7.54,23.19,10.53,28.38,24.84,21.23,36.95,23.87,21.29,17.02,0.41,18.39,38.16,0.48,30.7,0.28,2.21,16.61,18.47,21.48,20.77,2.53,25.2,1.36,14.25,25.01,17.67,11.45,1.67,0.17,2.29,1.06,4.68,0.62,13.62,0.08,0.89,13.53,0.34,0.66,2.37,21.17,1.66,21.23,1.69,26.23,4.01,3.45,5.85,20.57,20.41,1.55,0.22,21.54,22.33,0.82,3.69,-,0.3,0.14,2.8,17.39,6.56,35.27,29.75,20.77,0.07,24.33,22.72,2.99,1.79,22.56,28.06,10.18,0.87,0.34,1.97,6.17,10.78,15.93,20.94,0.63,8.27,0.76,26.44,0.48,1.78,0.95,15.61,1.94,0
orm,2.63,0.49,0.78,0.16,2.17,0.96,1.2,3.01,1.57,1.23,2.81,1.61,1.93,2.01,2.31,2.32,2.57,3.33,2.79,1.96,2,0.11,1.71,3.12,0.45,2.92,0.37,0.76,1.83,2.23,2.04,2.3,0.59,2.87,0.82,1.93,2.42,1.89,1.79,0.33,0.1,0.18,0.7,0.98,0.27,1.17,0.03,0.3,2.07,0.16,0.47,0.49,2.36,0.8,1.93,0.99,2.88,0.75,0.42,0.89,2.5,3.39,0.27,0.36,2.15,2.28,0.56,1.8,2.51,-,0.1,0.58,2.13,0.73,3.21,2.81,2.08,0.05,2.27,2.14,0.88,1.09,2.03,2.1,2.05,0.53,0.14,0.78,0.83,2.05,1.06,1.91,0.47,1.19,0.21,2.96,0.24,1.14,0.4,2.36,1.24,0
ory,0.76,0.12,0.1,0.07,0.84,0.4,0.48,1.09,0.41,0.63,0.85,0.47,0.55,1.58,0.66,0.45,0.51,0.9,0.68,0.68,0.4,0.02,0.49,0.83,0.34,0.73,0.3,0.24,0.32,0.84,0.48,0.56,0.23,0.68,0.47,0.67,0.65,0.24,0.52,0.19,0.02,0.04,0.23,0.44,0.23,0.25,0.03,0.13,1.18,0.02,0.2,0.22,0.89,0.22,0.8,0.68,0.8,0.26,0.18,0.31,0.49,1.42,0.14,0.45,0.63,0.89,0.22,0.85,0.96,0.09,-,0.93,0.57,0.46,0.69,0.73,0.49,0.03,0.61,0.74,0.43,0.35,0.52,0.67,0.47,0.33,0.07,0.31,0.17,0.93,0.19,0.53,0.2,0.59,0.11,0.29,0.07,0.29,0.14,0.17,0.32,0
pan,4.74,0.82,2.48,0.48,2.88,1.7,2.2,7.4,8.18,1.65,6.3,1.45,4.64,2.57,4.3,4.37,6.46,8.21,5.17,5.62,4.08,0.01,4.42,8.5,0.32,5.79,2.29,0.34,3.45,13.87,2.86,5.51,1.42,5.48,0.72,2.69,6.14,3.23,2.72,1.05,0.05,0.15,1.11,2.03,4.07,2.76,0.02,0.22,3.28,0.09,0.14,0.63,6.18,0.35,6.91,0.6,5.8,3.34,1.05,4.86,5.05,7.65,0.88,4.51,4.48,5.23,0.21,1.99,3.4,0.11,0.15,-,4.15,2.79,8.1,7.49,4.12,0.05,4.93,4.99,1.29,0.46,5.42,4.83,5.07,2.15,0.27,0.98,1.94,3.65,2.8,4.4,0.21,6.03,0.19,6.4,0.05,0.71,0.18,3.32,0.83,0
pol,19.45,1.05,12.17,1.26,19.64,6.56,1.88,27.47,17.07,20.92,21.34,6.97,24.17,9.5,24.05,22.04,19.4,24.55,20.38,21.41,16.54,0.42,18.86,28.78,0.34,24.21,0.39,2.15,16.21,19.17,21.35,20.4,3.15,22.13,1.54,14.16,21.91,18.56,10.71,2.04,0.21,2.3,0.76,5.32,0.65,13.68,0.08,1.53,11.93,0.35,0.73,3.08,23.34,1.94,19.4,1.66,24.61,8.07,4.54,7.93,19.8,19.56,2.06,0.65,20.7,19.05,0.99,4.9,16,0.38,0.16,3.46,-,6.89,26.31,25.79,21.4,0.08,24.36,23.29,3.96,2.09,21.09,23.18,17.2,2.27,0.52,2.77,7.75,7.08,17.33,21.32,0.67,10.61,1.02,25,0.5,2.12,0.85,15.67,2.23,0
pus,13.36,1.63,8.63,1.53,11.66,5.51,6.28,14.55,12.84,9.76,12.62,8,12.58,7.49,14.21,12.15,11.52,17.03,11.68,12.34,12.39,0.17,10.11,16.64,0.78,14.07,2.06,1.67,9.59,15.08,11.49,11.97,3.7,13.67,1.62,8.79,11.49,11.28,7.41,2.71,0.17,0.75,3.59,5.25,1.64,8.26,0.08,1.16,8.83,0.24,0.52,4.47,11.55,1.23,12.55,1.14,14.38,8.02,3.37,7.12,12.61,16.14,2.08,6.7,11.46,11.66,0.76,4.83,10.16,0.21,0.16,4.56,9.5,-,15.72,14.64,10.66,0.09,12.65,11.78,3.1,1.57,13.1,13.24,12.16,5.35,0.57,2.19,6.42,9.41,11.05,11.51,0.39,10.81,0.73,16.48,0.3,1.82,0.7,8.79,1.83,0
por,27.89,1.24,15.34,1.41,28.9,7.54,4.01,32.74,19.71,25.67,30.69,8.14,28.01,12.7,33.82,28.38,24.65,41.53,26.88,26.06,21.43,0.54,22.28,40.17,0.48,33.77,0.23,2.92,20.89,23.84,25.78,24.97,4.35,30.53,1.8,17.13,28.09,21.35,13.73,2.74,0.19,3.4,0.61,7.31,0.98,16.62,0.13,1.73,15.62,0.37,0.67,3.25,26,2.12,26.49,1.83,30.16,8.72,5.63,7.55,26.89,28.52,2.2,0.15,24.49,26.56,1.09,6.21,23.06,0.42,0.06,3.97,20.57,8.77,-,35.25,25.01,0.07,28.57,26.55,5.39,2.5,28.35,32.68,17.89,0.8,0.62,2.83,9.96,10.58,22.69,25.04,0.81,12.64,1.11,31.27,0.71,2.43,1.16,17.58,2.74,0
ron,26.6,1.25,15.45,1.47,25.78,8.19,7.53,33.57,19.84,26.76,28.19,9.58,28.67,11.88,32.37,27.9,24.71,36.61,25.45,26.19,21.11,0.66,22.35,38.95,0.36,32.28,0.44,2.85,20.8,23.56,27.01,26.01,4.23,29.41,1.85,17.06,27.98,21.7,13.32,2.91,0.19,2.96,1.4,6.77,1.09,16.58,0.11,1.82,14.93,0.27,0.8,4.62,26.45,1.99,13.96,1.73,31.35,9.78,5.4,9.3,25.96,26.42,2.29,0.77,24.09,25.9,1.04,6.33,20.96,0.43,0.22,4.06,21.62,8.29,37.43,-,25.32,0.07,29.18,26.8,4.85,2.36,28.75,31.51,21.52,4.14,0.69,3,9.48,12.46,22.81,25.75,0.77,12.56,1.09,31.05,0.62,2.46,1.11,17.99,2.59,0
rus,20.93,1.18,13.52,1.48,20.17,5.86,4.5,31.03,18.15,22.3,21.96,5.14,24.76,9.47,25.94,23.54,21.62,27.48,20.64,23.5,18.61,0.16,19.45,30.15,0.34,25.38,0.35,1.85,18.15,20.86,23.18,21.5,3.93,23.3,1.29,14.15,22.2,20.27,10.57,2.7,0.12,1.69,1.6,6.13,0.92,15.26,0.09,1.81,11.13,0.13,0.42,3.2,25.12,1.2,14.88,1.12,27.14,8.4,5.41,8.4,20.59,21.65,2.18,1.13,20.34,20.43,0.67,4.79,16.23,0.29,0.17,3.78,19.9,7.15,28.76,27.02,-,0.08,25.32,24.63,4.1,1.46,25.81,25.15,18.09,2.26,0.58,3.29,8.17,7.12,13.38,31.24,0.42,12.19,0.97,26.67,0.31,1.66,0.61,16.54,2.03,0
snd,1.29,0.13,0.1,0.09,1.11,0.37,0.66,1.59,1.07,0.77,1.59,0.29,1.16,1.85,1.34,0.55,0.79,1.4,1.28,1.74,0.7,0.01,0.92,1.85,0.27,1.49,0.17,0.2,0.52,0.99,0.81,1.17,0.14,0.8,0.54,0.73,1.32,0.47,0.71,0.2,0.04,0.04,0.25,0.64,0.21,0.44,0.01,0.14,0.74,0.05,0.2,0.32,1.73,0.22,1.7,0.77,1.76,0.35,0.27,0.52,0.82,2.55,0.2,0.4,1.08,1.37,0.11,1.04,1.26,0.08,0.07,0.65,0.9,0.84,1.49,1.19,0.99,-,1.14,1.37,0.33,0.24,0.85,0.99,1.18,0.3,0.11,0.2,0.27,1.16,0.4,1.22,0.2,0.97,0.1,0.84,0.02,0.37,0.21,0.35,0.21,0
slk,24.02,1.12,14.08,1.34,22.16,7.55,2.31,31.56,19.02,26.62,24.19,6.67,34.68,11.01,30.22,26.83,22.03,31.94,22.45,25.85,19.94,0.27,22.2,33.15,0.34,27.93,0.35,2.47,19.41,21.97,27.08,24.57,3.54,26.91,1.64,16.98,24.5,20.43,12.19,2.67,0.2,2.44,0.75,6.43,0.83,15.91,0.11,1.68,13.53,0.34,0.82,3.41,25.92,1.92,11.5,1.75,29.57,9.44,5.33,9.09,23.77,23.22,2.14,0.72,23.61,23.6,0.84,5.84,18.35,0.39,0.13,3.59,22.15,7.65,32.16,29.79,24.66,0.07,-,28.31,4.53,2.11,28.32,29.13,20.04,3.12,0.58,2.82,9.51,8.22,20.49,25.44,0.78,12.58,1.1,29.17,0.46,2.18,1.03,17.33,2.37,0
slv,22.78,1.26,13.47,1.37,20.7,7.14,2.17,30.22,18.21,26.52,23.34,6.63,26.99,10.04,27.63,25.12,21.39,28.82,21.4,24.16,18.1,0.3,20.83,31.17,0.33,26.56,0.33,2.26,17.83,20.97,27.85,23.67,3.74,25.24,1.56,15.37,23.65,19.99,11.6,2.48,0.2,2.16,0.9,5.79,0.74,15.01,0.11,1.66,12.82,0.36,0.63,3.16,24.74,1.81,9.23,1.64,28.86,8.86,4.96,8.25,21.88,21.67,2.13,0.72,22.82,22.11,0.84,5.53,17.16,0.41,0.14,3.36,20.19,7.24,29.98,28.24,23.4,0.07,28.37,-,4.35,2.06,26.77,27.36,19.37,3.29,0.54,2.76,8.58,8.08,19.44,24.05,0.72,12.1,1.14,27.31,0.46,2.13,1.06,16.1,2.33,0
sna,11.51,1.25,5.11,0.51,8.44,3.94,4.75,12.07,9.22,8.82,11.32,6.59,10.08,7.25,12.39,10.26,9.98,16.46,10.68,9.77,9.51,0.38,8.23,14.37,0.64,12.08,0.41,2.82,7.65,10.48,9.25,9.62,2.17,12.86,2.4,8.58,10.69,10.43,6.89,1.44,0.18,0.59,1.75,4.44,0.51,6.76,0.05,0.92,7.1,0.88,0.83,3.22,9.92,2.45,9.26,2.66,11.79,4.67,1.93,5.13,11.84,12.99,1.45,1.09,9.74,10.46,1.18,7.46,9.26,0.31,0.16,2.01,8.1,4.52,13.41,12.43,9.78,0.09,10.29,10.24,-,2.53,10.57,11.28,12.41,2.86,0.62,2.19,4.85,9.59,8.85,9.54,0.67,6.07,0.59,14.06,0.66,3.15,1.54,7.82,3.02,0
som,3.98,0.69,0.75,0.14,3.14,0.66,1.34,3.75,1.7,2.05,4.11,3.51,3.04,3.34,3.66,2.18,3.29,5.21,3.72,3.09,1.82,0.15,2.77,4.81,0.79,3.97,0.42,1.92,2.59,2.75,2.85,2.76,0.6,3.89,2.12,3.28,3.91,1.69,2.77,0.45,0.1,0.28,1.08,1.31,0.36,1.17,0.03,0.26,3.24,0.51,0.78,0.84,3.54,1.53,2.73,1.5,3.73,0.63,0.53,0.98,3.66,4.95,0.35,0.83,3.24,3.87,0.98,2.68,3.26,0.23,0.19,0.72,2.99,0.99,4.88,4.02,2.43,0.06,2.89,2.65,2.04,-,2.69,3.27,3.39,0.58,0.21,0.84,1.01,4.47,1.59,2.57,0.69,1.01,0.4,3.82,0.6,2.24,0.91,2.49,2.81,0
srp,25.54,1.42,15.47,1.66,22.93,7.74,4.21,35.28,20.5,32.11,25.34,7.77,29.35,10.92,31.55,27.52,24.09,34.1,22.53,26.45,20.99,0.21,21.29,35.07,0.33,29.43,0.35,2.13,21.21,23.43,31.07,24.71,4.18,28.04,1.44,15.9,24.46,21.26,12.32,2.9,0.11,1.54,1.01,6.51,1.04,16.66,0.08,1.98,14.03,0.13,0.34,4.07,27.03,1.33,11.08,1.16,36.01,10.33,6.15,9.67,23.96,24.89,2.28,0.84,22.81,24.02,0.61,5.86,19.18,0.3,0.22,4.12,21.8,8.12,33.27,31.24,26.59,0.07,30.22,29.59,4.43,1.64,-,30.08,21.59,4.43,0.61,3.28,9.22,9.96,20.77,27.73,0.48,13.56,0.92,29.25,0.29,1.92,0.73,17.42,2.08,0
swe,28.93,1.32,15.07,1.63,24.11,8.07,9.37,33.26,20.13,26.15,26.73,11.08,28,12.62,39.53,30.33,23.23,40.05,23.55,26.99,20.54,0.77,24.52,36.67,0.35,30.48,0.59,3.09,20.79,23.51,26.44,25.49,4.98,30.2,2.03,18.29,25.54,21.54,13.75,3.17,0.21,2.99,1.83,7.26,1.17,16.74,0.12,2.17,16.5,0.37,0.85,5.09,25.8,2.44,14.91,1.98,30.5,10.7,5.59,9.58,26.64,26.33,2.61,0.66,26.03,30.96,1.26,7.15,19.94,0.48,0.19,4.63,20.52,8.51,35.87,32.78,24.72,0.09,28.6,26.46,5.59,2.7,28.94,-,22.21,4.05,0.82,3.53,9.96,13.9,21.84,25.07,0.73,13.17,1.2,30.93,0.69,2.8,1.26,17.36,2.82,0
swh,20.51,1.25,11.97,1.3,16.04,6.07,7.29,23.75,16.43,18.11,20.08,7.3,19.96,10.83,23.92,19.4,17.44,30.43,17.19,18.21,16.42,0.33,15.62,26.69,0.65,21.48,0.51,2.72,15.08,19.19,18.46,17.48,3.77,24.52,1.97,14.1,17.73,16.79,12.18,2.32,0.21,1.55,1.23,6.74,1.05,12.17,0.1,1.08,11.6,0.37,0.65,4.39,18.77,2.42,19.58,1.95,22.06,7.35,4.09,8.1,22.9,20.96,2.08,1.12,17.77,18.91,1.12,6.75,15.33,0.32,0.18,3.85,14.64,7.4,25.67,24.08,17.57,0.09,20.09,18.98,5.24,2.13,20.57,23.24,-,4.05,0.55,2.58,8.44,10.81,16.43,18.33,0.76,10.99,0.89,25.34,0.34,2.71,1.29,13.15,2.73,0
tam,5.79,0.71,1.15,0.26,3.52,1.77,1.91,6.99,4.66,5.64,5.85,1.26,4.98,4.17,5.37,4.89,5.95,8.35,5.33,6.7,4.31,0.04,4.97,6.85,0.38,6.11,0.41,0.73,3.52,6.87,4.75,4.88,1.3,5.34,0.72,4.2,5.71,2.42,3.12,0.96,0.04,0.17,0.37,2.61,1.45,2.32,0.04,0.24,2.85,0.03,0.29,0.92,6.42,0.53,7.18,0.92,6.13,3.13,1.97,3.15,4.89,6.48,1.19,0.51,5,5.14,0.29,1.97,4.1,0.14,0.15,2.98,4.13,3.54,7,6.86,4.66,0.04,5.69,5.47,1.71,0.5,5.55,6.21,5.24,-,0.3,0.56,1.75,3.25,2.59,5.1,0.19,4.78,0.22,5.28,0.06,0.82,0.34,2.5,0.76,0
tel,10.35,1.05,4.77,0.84,5.47,4.23,2.8,11.71,11.04,7.16,9.87,2.45,8.79,5.52,10.37,8.79,8.55,15.06,9,9.26,8.75,0.07,7.26,13.16,0.33,10.31,0.48,1.28,7.29,12.98,8.08,8.64,1.78,10.66,0.89,6.8,8.68,8.84,4.78,1.32,0.09,0.31,0.96,2.89,1.56,7.1,0.04,0.55,6.28,0.15,0.22,1.58,9.46,0.9,9.54,1,10.65,6.18,2.24,6.66,9.2,9.77,1.39,0.71,8.95,8.9,0.46,2.57,6.71,0.15,0.21,3.94,6.81,4.35,12.76,11.75,8.55,0.07,8.81,8.84,2.39,0.89,9.31,10.52,8.9,3.19,-,1.49,3.67,3.91,7.62,8.66,0.34,7.35,0.46,13.51,0.21,1.32,0.6,6.4,1.2,0
tgk,7.73,0.59,2.55,0.19,4.55,2.48,4.35,11.49,5.06,6.02,8.85,1.57,7.79,4.31,8.69,7.84,9.09,10.45,8.94,8.18,7.27,0.04,7.14,11.53,0.33,10.23,0.27,0.85,6.65,7.27,6.89,7.72,1.32,8.29,0.92,5.75,8.69,4.72,3.82,1.04,0.07,0.21,1.59,2.41,0.47,4.11,0.02,0.58,4.81,0.07,0.2,0.83,8.49,0.68,8.57,0.91,10.25,1.9,1.73,2.37,6.56,9.02,0.83,0.73,7.19,7.73,0.26,2.82,6.06,0.09,0.07,1.51,7.12,2.55,10.85,10.27,9.43,0.03,8.37,8.35,1.86,0.72,8.88,8.66,6.16,1.22,0.22,-,2.66,4.75,4.3,9.77,0.32,3.73,0.37,10.6,0.1,1.17,0.38,5.33,1.17,0
tha,11.91,1.46,8.59,0.92,10.28,5.06,5.34,15.34,12.61,10.16,12.29,5.27,12.17,6.9,14.59,11.74,11.5,16.25,12.47,12.16,12.03,0.36,10.38,15.92,0.61,14.09,1.3,1.44,9.45,13.79,11.68,12.31,2.85,15.74,1.5,9.87,12.08,12.35,6.5,2.23,0.13,0.93,2.22,10.98,1.16,9.35,0.06,0.89,7.31,0.41,0.73,5.77,12.47,1.01,13.12,1.26,14.34,6.67,3.27,6.35,13.7,15.81,3.9,5.26,11.89,11.97,0.83,4.55,9.09,0.3,0.16,3.47,10.49,5.16,15.86,15.3,11.62,0.06,12.81,12.34,3.38,1.38,12.88,13.32,11.65,4.24,0.53,2.23,-,8.2,10.92,11.59,0.51,8.18,0.65,19.23,0.51,1.86,0.72,11.07,1.92,0
tgl,17.48,1.55,8.04,0.76,14.54,5.43,6.64,18.38,13.06,13.88,17.21,15.24,14.65,10.62,18.18,15.81,14.69,26.07,15.74,15.25,12.7,0.48,12.48,22.02,0.66,19.07,0.4,3.22,12.2,15.16,14.02,14.18,3.45,20.44,2.2,11.53,16.22,13.01,11.61,2.31,0.22,1.4,2.5,6.13,1.14,9.24,0.09,1.14,11.28,0.43,0.87,4.12,14.98,2.65,14.86,2.04,18,5.8,4.28,6.7,18.02,20.2,2.15,1.04,14.49,15.34,1.45,6.98,13.89,0.3,0.17,3.89,12.4,6.71,21.7,19.14,13.19,0.09,15.27,14.81,5.12,2.87,16.38,17.36,15.38,3.46,0.61,2.83,7.39,-,12.58,14.62,0.75,8.51,0.9,20.59,0.52,3.38,1.52,10.76,3.44,0
tur,21.17,1.22,13.09,1.43,18.05,7.58,1.81,25.89,18.18,19.96,21.5,6.32,21.8,10.22,25.75,22.13,19.84,28.78,19.78,21.41,18.72,0.42,18.27,29.69,0.44,24.15,0.41,2.29,17.02,20.68,20.5,21.1,2.83,24.68,1.46,14.5,21.48,19.66,11.23,1.93,0.2,1.98,0.46,6.19,0.79,15.25,0.12,1.23,11.04,0.48,0.64,2.65,21.55,1.98,21.99,1.71,24.13,5.98,5.04,4.75,21.88,20.72,2.38,0.25,20.19,19.93,0.88,5.18,15.3,0.35,0.14,3.58,16.9,7.51,28.57,26.52,18.05,0.09,22.92,21.6,4.08,1.93,21.45,24.49,16.5,1.71,0.53,1.92,8.74,6.52,-,19.85,0.62,11.28,0.97,26.87,0.59,2.07,1.1,15.38,2.38,0
ukr,22.88,1.39,14.01,1.72,20.68,7.36,8.39,32.58,19.41,24.65,23.36,6.17,27.15,10.18,27.59,25.03,21.82,30.36,21.21,24.53,19.09,0.19,20.07,31.6,0.33,26.1,0.34,1.86,19.56,22.09,25.03,22.54,4.07,25.28,1.4,15.27,23.04,20.21,11.24,2.71,0.1,1.45,1.29,5.68,0.84,15.71,0.09,2.11,12.37,0.13,0.36,3.38,26.27,1.23,12.71,1.17,29.54,8.76,6.3,8.99,21.82,23.06,2.12,0.96,21.77,21.18,0.47,5.38,17.38,0.26,0.19,3.87,20.72,7.72,30.47,28.71,32.3,0.06,27.48,25.49,4.6,1.66,28.74,26.95,19.7,2.74,0.49,3.69,8.64,7.34,18.72,-,0.36,12.67,0.88,27.88,0.31,1.77,0.69,16.78,1.91,0
umb,4.16,0.44,1,0.21,3.39,1.16,1.38,4.51,2.01,2.14,4.26,2.57,3.27,2.71,3.67,3.12,3.85,4.62,4.55,3.22,2.52,0.19,2.63,5.25,0.47,4.65,0.24,1.38,2.99,2.93,3.07,3.39,0.72,4.12,1.42,3.46,4.01,3.09,2.46,0.46,0.13,0.48,1.05,1.17,0.17,1.86,0.02,0.41,3.22,0.28,0.68,0.92,3.66,1.65,2.66,1.6,4.08,0.93,0.57,1.26,3.97,4.39,0.39,0.65,3.69,3.73,0.89,2.56,3.85,0.31,0.13,0.6,3.21,0.83,5.75,4.49,3.44,0.05,3.54,3.34,1.61,1.62,3.21,3.67,3.35,0.51,0.21,0.97,1.46,3.63,1.73,3.17,-,1.37,0.4,4.48,0.47,1.81,0.79,3.56,2.01,0
urd,13.25,0.94,7.56,1.05,9.5,3.68,2.11,17,15.38,12.74,13.91,2.79,14.08,6.66,15.72,13.65,13.23,18.9,12.32,14.04,13.62,0.06,11.75,18.23,0.36,14.13,0.34,0.98,11.4,21.45,12.68,13.57,2.8,14.64,0.97,9.64,13.16,11.7,5.83,1.77,0.09,0.35,0.59,4.26,1.36,10.16,0.06,0.61,6.73,0.06,0.2,1.55,14.21,0.5,15,0.8,15.75,5.37,3.39,7.44,12.56,13.99,1.76,0.49,12.8,12.12,0.41,3.27,9.77,0.13,0.13,5.72,10.33,7.86,17.37,16.48,12.22,0.11,14.31,13.52,2.56,0.72,13.65,15.66,11.36,3.02,0.39,1.24,5.22,3.98,9.8,12.21,0.21,-,0.31,18.42,0.08,1.23,0.39,10.32,1.35,0
uzb,1.67,0.41,0.47,0.12,1.84,0.83,1.33,3.2,1.12,1.72,1.73,0.95,2.02,2.07,1.75,1.08,2.42,1.83,2.61,2.67,1.07,0.04,1.67,3.06,0.42,2.53,0.28,0.46,1.29,1.49,1.61,1.77,0.27,1.8,0.62,1.92,2.52,1.23,1.14,0.29,0.1,0.16,1.49,0.7,0.17,0.77,0.02,0.33,2.19,0.1,0.29,0.37,2.39,0.5,2.66,0.74,3.19,0.56,0.56,0.79,1.4,3.05,0.33,0.69,2.02,1.93,0.33,1.1,1.85,0.09,0.15,0.73,1.82,0.66,2.63,1.92,1.82,0.02,1.99,1.84,0.73,0.4,2.03,1.58,1.56,0.32,0.11,0.35,0.48,1.78,0.95,2.13,0.25,0.75,-,1.2,0.13,0.6,0.3,1.11,0.69,0
vie,21.15,1.2,13.07,1.45,19.36,7.12,5.69,26.29,17.64,20.48,21.37,8.13,22.18,10.85,25.91,21.23,19.42,29.51,19.22,20.82,18.1,0.61,18.21,28.52,0.43,24.28,0.46,2.74,16.77,20.35,20.52,20.55,4.12,27.1,1.99,15.47,20.59,20.21,13,2.18,0.19,2.56,1.16,6.96,0.93,15.22,0.09,1.6,11.67,0.45,0.87,3.78,21.35,2.25,11.32,1.94,24.48,6.82,4.95,7.12,24.01,21.77,2.08,0.52,19.74,20.72,1.11,6.1,16.14,0.38,0.1,3.84,17,7.3,27.7,25.79,19.61,0.08,22.93,21.16,4.48,2.39,21.3,24.64,17.21,1.22,0.69,2.86,9.86,7.49,18.99,20.7,0.8,11.06,1.15,-,0.65,2.49,1.2,17.2,2.64,0
wol,3.09,0.38,0.41,0.18,2.95,0.66,0.74,3.26,1.13,1.55,3.27,3.11,2.54,2.28,1.41,2.81,2.6,4.12,3.98,2.7,1.07,0.4,2.36,4.45,1.01,3.46,0.22,1.18,1.51,1.38,2.59,1.91,0.3,3.57,1.63,2.76,3.62,1.65,2.02,0.16,0.14,0.46,0.77,0.94,0.16,0.83,0.05,0.24,2.27,1.42,1.04,0.79,2.98,1.4,2,1.04,2.77,0.53,0.28,0.74,2.85,3.38,0.13,0.44,3.86,3.94,1.41,0.92,2.94,0.2,0.19,0.26,2.75,0.63,3.75,3.25,1.98,0.07,1.99,1.93,1.18,1.54,2.13,2.61,2.13,0.47,0.14,0.27,0.57,3.33,1.29,1.92,0.61,0.47,0.28,2.18,-,1.86,0.58,2.15,1.89,0
xho,6.37,1.64,2.33,0.3,4.74,1.45,2.11,7.01,3.57,3.53,6.96,5.2,5.22,4.95,6.57,5.31,6.15,10.86,6.83,5.44,4.48,0.39,4.6,8.28,0.71,7.09,0.57,2.51,4.68,4.68,5.08,5.33,1.32,6.83,3.8,5.36,6.4,4.05,3.5,0.62,0.11,0.28,1.4,2.28,0.46,2.54,0.05,0.47,4.31,0.85,0.97,1.6,5.33,2.17,4.85,2.03,6.59,1.69,0.94,2.16,6.09,8.55,0.69,1.72,5.81,6.2,1.51,4.87,5.39,0.27,0.26,1.24,5.24,1.75,8.5,7.1,5.08,0.07,5.07,4.95,4.08,3.19,5.2,6.45,6.14,1.31,0.4,1.41,2.64,6.99,4.04,5.2,0.79,2.51,0.59,7.69,0.77,-,1.92,4.7,10.31,0
yor,3.27,0.48,0.43,0.14,2.49,0.6,0.99,3.66,1.27,1.72,2.73,3.05,2.43,2.4,2.03,2.43,2.65,4.18,3.34,2.52,1.35,0.18,2.02,3.57,0.72,3.08,0.18,0.96,1.78,1.94,2.55,1.98,0.53,2.92,1.85,2.88,3.17,1.37,1.75,0.27,0.1,0.2,0.6,0.92,0.23,0.88,0.04,0.22,2.53,0.74,0.65,0.68,2.49,1.4,2.29,1.35,3.2,0.39,0.29,0.93,2.49,3.4,0.21,0.62,3.07,3.47,0.84,1.61,2.57,0.15,0.13,0.4,2.75,0.63,3.48,2.87,2.26,0.04,2.29,1.94,1.6,1.3,2.29,2.13,1.93,0.38,0.17,0.43,0.86,4.03,1.08,2.07,0.42,0.71,0.27,2.34,0.59,1.94,-,2.38,2.38,0
zho_simp,16.56,1.15,11.55,1.43,15.69,6.3,4.72,22.15,16.41,16.24,17.41,5.62,18.61,7.94,19.92,17.61,16.82,20.91,16.92,18,15.78,0.33,15.96,24.32,0.34,19.96,0.41,1.66,14.2,18.54,17.61,18.59,3.51,20.6,1.47,11.96,17.88,20.53,8.95,2.18,0.18,1.69,0.83,5.67,1.01,15.94,0.09,1.53,9.18,0.26,0.55,2.97,19.08,1.34,10.69,1.22,20.61,8.14,4.53,7.6,17.73,17.13,1.91,0.7,17.01,16.07,0.82,4.42,13.24,0.3,0.17,3.25,14.74,5.94,22.31,21.45,17.25,0.08,18.84,18.36,3.76,1.49,17.93,19.72,15.49,2.49,0.6,2.38,7.46,8.9,15.19,16.86,0.5,10.56,0.87,25.84,0.36,1.94,0.68,-,1.95,0
zul,5.5,1.46,2.09,0.24,4.04,1.32,1.63,6.38,3.12,2.95,6.14,4.61,4.59,4.63,6.02,4.92,5.69,9.26,6.22,4.9,4.02,0.18,4.1,7.72,0.52,6.57,0.56,2.2,4.52,4.17,4.75,4.72,1.25,6.05,3.71,5.05,5.85,3.61,2.88,0.56,0.12,0.24,0.95,2.13,0.45,2.27,0.04,0.39,3.85,0.7,0.75,1.26,5.42,2.04,4.27,1.8,6.32,1.42,0.93,1.77,6.1,7.71,0.64,1.42,5.12,6.02,1.3,4.16,5.01,0.29,0.24,1.01,4.53,1.53,7.87,6.74,4.64,0.07,4.63,4.37,3.63,2.74,4.76,6.03,5.73,0.91,0.3,1.18,1.97,6.62,3.23,4.71,0.55,2.33,0.42,7.34,0.61,9.84,1.53,4.18,-,0
zho_trad,0,0,0,0,0,0,0,0,0,0,0,0,0,0,0,0,0,0,0,0,0,0,0,0,0,0,0,0,0,0,0,0,0,0,0,0,0,0,0,0,0,0,0,0,0,0,0,0,0,0,0,0,0,0,0,0,0,0,0,0,0,0,0,0,0,0,0,0,0,0,0,0,0,0,0,0,0,0,0,0,0,0,0,0,0,0,0,0,0,0,0,0,0,0,0,0,0,0,0,0,0,-
