{"studentB1":[
  
    {
      "id": 819,
      "cid": 72836,
      "text": "the Russian coffer is emptying rapidly.",
      "example_explanation": null,
      "model_explanation": "",
      "metadata_json": "{\"model\": \"https://fhcxpbltv0.execute-api.us-west-1.amazonaws.com/predict?model=nli-r4-1\"}",
      "target_pred": "0",
      "model_preds": "0.010294704429419287|0.8220591680240887|0.16764612754649216",
      "target_model": null,
      "model_wrong": false,
      "retracted": false,
      "flagged": false,
      "generated_datetime": "2020-08-09T22:23:21",
      "time_elapsed": null,
      "total_verified": 2,
      "context": {
        "id": 72836,
        "r_realid": 12,
        "context": "Even while accepting the Russian plan, IMF Managing Director Michel Camdessus noted that the efficiency of Russia's State Taxation Service \"is declining rapidly.\"",
        "metadata_json": null,
        "total_used": 1,
        "last_used": "2020-08-09T22:23:21"
      },
      "anon_uid": "684827f00beb3f487766661123c44c560290fa69",
      "validations": [
        [
          "correct",
          "user",
          "8a57c4870780f1ab529bd3b621d6696717e80123"
        ],
        [
          "incorrect",
          "user",
          "84ffd41d424c6cb916b7bef4b02583cb85fe670c"
        ]
      ]
    },
    {
      "id": 829,
      "cid": 76149,
      "text": "Mumbai railway police has been untraceable since then.",
      "example_explanation": null,
      "model_explanation": null,
      "metadata_json": "{\"model\": \"https://fhcxpbltv0.execute-api.us-west-1.amazonaws.com/predict?model=nli-r4-1\"}",
      "target_pred": "1",
      "model_preds": "0.0004695882745897679|0.0029740783795699777|0.9965563333458402",
      "target_model": null,
      "model_wrong": true,
      "retracted": false,
      "flagged": false,
      "generated_datetime": "2020-08-09T22:28:00",
      "time_elapsed": null,
      "total_verified": 2,
      "context": {
        "id": 76149,
        "r_realid": 12,
        "context": "[India], Sep 14 (ANI): Sukhdev Singh, a head constable of the 5th battalion of National Disaster Response Force (NDRF) unit, in Pune has been missing since September 8. According to the NDRF, Singh boarded a train from Mumbai for his hometown Amritsar on September 8, and has been untraceable since then. When the cop, who was supposed to reach Amritsar on September 9, didn't reach home on the scheduled date, his son approached the NDRF. A search operation to find Singh was launched but he could not be traced. An FIR was registered with Mumbai railway police in the matter on September 13. (ANI)",
        "metadata_json": null,
        "total_used": 5,
        "last_used": "2020-08-09T22:28:38"
      },
      "anon_uid": "684827f00beb3f487766661123c44c560290fa69",
      "validations": [
        [
          "correct",
          "user",
          "c0d4820181e5905f61f3129e6cdebc6626e7bc7c"
        ],
        [
          "incorrect",
          "user",
          "2a006d291040c4e1624a1adadd03fa16877ad0f9"
        ]
      ]
    },
    {
      "id": 830,
      "cid": 76149,
      "text": "his son has been missing since September 8",
      "example_explanation": null,
      "model_explanation": null,
      "metadata_json": "{\"model\": \"https://fhcxpbltv0.execute-api.us-west-1.amazonaws.com/predict?model=nli-r4-1\"}",
      "target_pred": "1",
      "model_preds": "0.0002320745216159322|0.00023292385170178856|0.9995350016266822",
      "target_model": null,
      "model_wrong": true,
      "retracted": false,
      "flagged": false,
      "generated_datetime": "2020-08-09T22:28:38",
      "time_elapsed": null,
      "total_verified": 2,
      "context": {
        "id": 76149,
        "r_realid": 12,
        "context": "[India], Sep 14 (ANI): Sukhdev Singh, a head constable of the 5th battalion of National Disaster Response Force (NDRF) unit, in Pune has been missing since September 8. According to the NDRF, Singh boarded a train from Mumbai for his hometown Amritsar on September 8, and has been untraceable since then. When the cop, who was supposed to reach Amritsar on September 9, didn't reach home on the scheduled date, his son approached the NDRF. A search operation to find Singh was launched but he could not be traced. An FIR was registered with Mumbai railway police in the matter on September 13. (ANI)",
        "metadata_json": null,
        "total_used": 5,
        "last_used": "2020-08-09T22:28:38"
      },
      "anon_uid": "684827f00beb3f487766661123c44c560290fa69",
      "validations": [
        [
          "flagged",
          "user",
          "8a57c4870780f1ab529bd3b621d6696717e80123"
        ],
        [
          "incorrect",
          "user",
          "c952fb42f65e052bbedf6d7838a5e4ab472f8987"
        ]
      ]
    }
  
  ]
  }